# ************************************************************
# Sequel Pro SQL dump
# Version 4541
#
# http://www.sequelpro.com/
# https://github.com/sequelpro/sequelpro
#
# Host: 127.0.0.1 (MySQL 5.6.35)
# Database: eapi
# Generation Time: 2018-07-23 11:18:37 +0000
# ************************************************************


/*!40101 SET @OLD_CHARACTER_SET_CLIENT=@@CHARACTER_SET_CLIENT */;
/*!40101 SET @OLD_CHARACTER_SET_RESULTS=@@CHARACTER_SET_RESULTS */;
/*!40101 SET @OLD_COLLATION_CONNECTION=@@COLLATION_CONNECTION */;
/*!40101 SET NAMES utf8 */;
/*!40014 SET @OLD_FOREIGN_KEY_CHECKS=@@FOREIGN_KEY_CHECKS, FOREIGN_KEY_CHECKS=0 */;
/*!40101 SET @OLD_SQL_MODE=@@SQL_MODE, SQL_MODE='NO_AUTO_VALUE_ON_ZERO' */;
/*!40111 SET @OLD_SQL_NOTES=@@SQL_NOTES, SQL_NOTES=0 */;


# Dump of table migrations
# ------------------------------------------------------------

DROP TABLE IF EXISTS `migrations`;

CREATE TABLE `migrations` (
  `id` int(10) unsigned NOT NULL AUTO_INCREMENT,
  `migration` varchar(191) COLLATE utf8mb4_unicode_ci NOT NULL,
  `batch` int(11) NOT NULL,
  PRIMARY KEY (`id`)
) ENGINE=InnoDB DEFAULT CHARSET=utf8mb4 COLLATE=utf8mb4_unicode_ci;

LOCK TABLES `migrations` WRITE;
/*!40000 ALTER TABLE `migrations` DISABLE KEYS */;

INSERT INTO `migrations` (`id`, `migration`, `batch`)
VALUES
	(1,'2014_10_12_000000_create_users_table',1),
	(2,'2014_10_12_100000_create_password_resets_table',1),
	(3,'2018_07_23_040402_create_products_table',1),
	(4,'2018_07_23_040534_create_reviews_table',1);

/*!40000 ALTER TABLE `migrations` ENABLE KEYS */;
UNLOCK TABLES;


# Dump of table password_resets
# ------------------------------------------------------------

DROP TABLE IF EXISTS `password_resets`;

CREATE TABLE `password_resets` (
  `email` varchar(191) COLLATE utf8mb4_unicode_ci NOT NULL,
  `token` varchar(191) COLLATE utf8mb4_unicode_ci NOT NULL,
  `created_at` timestamp NULL DEFAULT NULL,
  KEY `password_resets_email_index` (`email`)
) ENGINE=InnoDB DEFAULT CHARSET=utf8mb4 COLLATE=utf8mb4_unicode_ci;



# Dump of table products
# ------------------------------------------------------------

DROP TABLE IF EXISTS `products`;

CREATE TABLE `products` (
  `id` int(10) unsigned NOT NULL AUTO_INCREMENT,
  `name` varchar(191) COLLATE utf8mb4_unicode_ci NOT NULL,
  `detail` text COLLATE utf8mb4_unicode_ci NOT NULL,
  `price` int(11) NOT NULL,
  `stock` int(11) NOT NULL,
  `discount` int(11) NOT NULL,
  `created_at` timestamp NULL DEFAULT NULL,
  `updated_at` timestamp NULL DEFAULT NULL,
  PRIMARY KEY (`id`)
) ENGINE=InnoDB DEFAULT CHARSET=utf8mb4 COLLATE=utf8mb4_unicode_ci;

LOCK TABLES `products` WRITE;
/*!40000 ALTER TABLE `products` DISABLE KEYS */;

INSERT INTO `products` (`id`, `name`, `detail`, `price`, `stock`, `discount`, `created_at`, `updated_at`)
VALUES
	(1,'laborum','Quod porro est illum fugit beatae in. Perspiciatis tenetur ut neque. Et accusamus nesciunt sint et sed facere.',809,2,30,'2018-07-23 11:10:08','2018-07-23 11:10:08'),
	(2,'voluptatem','Dolorem et nam sit facere laboriosam. Vel id enim ut. Optio libero dolores earum aut magni qui. Corrupti hic dicta numquam aperiam est aliquid delectus.',106,1,10,'2018-07-23 11:10:08','2018-07-23 11:10:08'),
	(3,'ducimus','Nesciunt ab maxime nulla quod modi velit. Magnam similique nisi eligendi eum qui eos. Omnis labore dolor tempore provident. Aperiam non sit vitae laborum dolores qui.',620,5,4,'2018-07-23 11:10:08','2018-07-23 11:10:08'),
	(4,'quia','Natus omnis explicabo aut occaecati. Deleniti animi et quidem fuga. Ea consequatur ducimus consequuntur repellendus ex.',489,7,18,'2018-07-23 11:10:08','2018-07-23 11:10:08'),
	(5,'quia','Aut sit et architecto eum. Amet asperiores neque ut omnis voluptatem consequatur eligendi dolor.',846,1,27,'2018-07-23 11:10:08','2018-07-23 11:10:08'),
	(6,'velit','Dolores similique odio quibusdam dicta. Harum ipsum esse mollitia tempora.',777,9,23,'2018-07-23 11:10:08','2018-07-23 11:10:08'),
	(7,'nam','Soluta soluta reiciendis impedit rerum consectetur nostrum ducimus. Minima modi iusto dolores iusto sunt commodi omnis optio. Laudantium qui delectus voluptatem ea quibusdam alias sed. Quo consectetur officiis aliquam fuga voluptatem saepe.',710,7,23,'2018-07-23 11:10:08','2018-07-23 11:10:08'),
	(8,'et','Est itaque distinctio similique officiis modi quo. Omnis aut facere vel expedita. Fuga occaecati aut laboriosam aperiam. Qui consequatur expedita id doloremque dolorem aut.',150,2,13,'2018-07-23 11:10:08','2018-07-23 11:10:08'),
	(9,'esse','Dolores provident dolore enim officiis. Sunt omnis non autem. Animi et atque asperiores quia culpa deserunt.',165,1,11,'2018-07-23 11:10:08','2018-07-23 11:10:08'),
	(10,'voluptatem','Aut non accusamus quos non autem minus libero. Voluptatum quas sed maxime qui debitis est blanditiis. Iure dolorum et corporis quidem quae. Omnis quo a harum ab beatae porro et aliquam.',409,6,19,'2018-07-23 11:10:08','2018-07-23 11:10:08'),
	(11,'quo','Voluptatem dolor veniam officia sunt. Praesentium sit voluptatem nam ducimus excepturi iusto qui. Provident voluptas consequatur quo quasi vel neque esse et.',634,0,7,'2018-07-23 11:10:08','2018-07-23 11:10:08'),
	(12,'ut','Molestias nesciunt et enim mollitia fuga. Quos nihil facilis veritatis veniam est atque molestiae. Beatae iure nihil qui qui iusto corrupti dolor. Velit aut mollitia fugiat consequuntur.',122,7,30,'2018-07-23 11:10:08','2018-07-23 11:10:08'),
	(13,'quisquam','Distinctio dolor fugiat sint accusantium. Dolorem voluptatem at ad.',503,6,28,'2018-07-23 11:10:08','2018-07-23 11:10:08'),
	(14,'explicabo','Molestiae ut sit pariatur incidunt. Est quas laboriosam inventore dolor esse voluptate. Officia molestiae aperiam et.',930,3,2,'2018-07-23 11:10:08','2018-07-23 11:10:08'),
	(15,'quae','Ea laboriosam et rerum et consequatur. Atque blanditiis et a quis voluptates quis. Molestiae ut id et quas provident voluptatem sint.',969,9,12,'2018-07-23 11:10:08','2018-07-23 11:10:08'),
	(16,'ut','Nihil amet aliquid est explicabo harum veniam distinctio perferendis. Officia quis modi eum qui.',339,1,11,'2018-07-23 11:10:08','2018-07-23 11:10:08'),
	(17,'cupiditate','Et neque molestiae vel consectetur rem voluptatem nisi rerum. Ut laudantium quia animi dignissimos.',319,3,30,'2018-07-23 11:10:08','2018-07-23 11:10:08'),
	(18,'natus','Cum unde odit dolorem suscipit. Amet dicta rem minus quia officia corrupti et. Amet est et asperiores reprehenderit qui rerum ut.',241,9,5,'2018-07-23 11:10:08','2018-07-23 11:10:08'),
	(19,'dolorem','Dolores temporibus accusantium iusto ipsum. Et in sit et sit. Assumenda dolor repellat repudiandae ut nostrum dignissimos labore est. Qui est repudiandae laboriosam quo officiis molestiae omnis molestiae.',886,0,3,'2018-07-23 11:10:08','2018-07-23 11:10:08'),
	(20,'aperiam','Odit aliquam voluptatem placeat velit facere rem repudiandae. Quia rerum odit voluptas voluptas eaque. Sunt aut aut corrupti consectetur eos.',368,0,7,'2018-07-23 11:10:08','2018-07-23 11:10:08'),
	(21,'nobis','Dolores aut labore recusandae. Enim quia ipsa saepe necessitatibus quia aut repellendus voluptas. Iste quia qui aperiam ut iusto. Nemo eveniet optio vel natus numquam.',146,4,8,'2018-07-23 11:10:08','2018-07-23 11:10:08'),
	(22,'atque','Numquam est beatae laboriosam exercitationem ut consequuntur eos similique. Explicabo earum dolorem aliquam aut. Aut vero minima sed est.',863,7,14,'2018-07-23 11:10:08','2018-07-23 11:10:08'),
	(23,'id','Dolor et et omnis ut soluta. Incidunt doloremque laborum qui culpa. At corrupti tempora quibusdam vitae.',947,4,5,'2018-07-23 11:10:08','2018-07-23 11:10:08'),
	(24,'nostrum','Quo blanditiis occaecati amet est. Iste qui iusto omnis error voluptas non qui. Exercitationem voluptatem quidem eos qui.',629,1,27,'2018-07-23 11:10:08','2018-07-23 11:10:08'),
	(25,'at','Id molestias ut quibusdam rerum ut non ut in. Nihil eos minus sit occaecati earum. Rerum autem quia eaque accusamus nobis ipsam vero et. Cum eum praesentium voluptatibus accusantium. Sunt accusantium dolor quam autem aut.',368,4,7,'2018-07-23 11:10:08','2018-07-23 11:10:08'),
	(26,'sit','Aut similique atque minima perferendis totam dolor. Officia in optio molestias eum eius placeat alias officia. Alias explicabo saepe qui alias quibusdam reiciendis officiis praesentium. Est veritatis et aut eum sed et ipsa molestias.',774,5,17,'2018-07-23 11:10:08','2018-07-23 11:10:08'),
	(27,'et','Accusamus enim veniam ut reiciendis et in. Libero repellendus modi nihil sit non. Consequatur corrupti repellat molestiae molestiae excepturi.',732,5,8,'2018-07-23 11:10:08','2018-07-23 11:10:08'),
	(28,'vitae','Corporis voluptas ab dicta sed sed unde eum quae. Ut dicta commodi quas sed nostrum. Voluptate non ut iure illo non soluta velit. Est beatae corporis hic laborum alias mollitia.',648,6,27,'2018-07-23 11:10:08','2018-07-23 11:10:08'),
	(29,'molestiae','Non quam ipsa accusantium nihil eaque eum dolor. Ipsum ducimus omnis autem nobis. Rerum qui sed neque placeat.',754,3,12,'2018-07-23 11:10:08','2018-07-23 11:10:08'),
	(30,'inventore','Magni autem consectetur omnis nihil et error. Enim dicta quia quo amet. Molestiae est voluptas est repudiandae quisquam nobis adipisci tempore.',743,3,17,'2018-07-23 11:10:08','2018-07-23 11:10:08'),
	(31,'tempora','Sed reiciendis nisi consequatur. Temporibus reprehenderit eius et. At est soluta perferendis. Deleniti sunt eum vitae neque nobis praesentium.',415,2,16,'2018-07-23 11:10:08','2018-07-23 11:10:08'),
	(32,'pariatur','Qui est impedit deleniti a ullam perspiciatis. Omnis autem fugit harum a earum. Occaecati incidunt dolores dolores culpa molestiae iure enim sunt. Dolore voluptatem voluptates ipsum blanditiis.',453,9,2,'2018-07-23 11:10:08','2018-07-23 11:10:08'),
	(33,'itaque','Omnis et ipsam rerum. Dolorem consequatur delectus dolor earum. Voluptas iusto autem repellat dolor numquam aliquam deleniti nisi. Sapiente est et ea et.',364,0,25,'2018-07-23 11:10:08','2018-07-23 11:10:08'),
	(34,'ipsum','Et non dolor minima aut cupiditate. Numquam doloribus ut incidunt ratione cum pariatur neque.',789,9,5,'2018-07-23 11:10:08','2018-07-23 11:10:08'),
	(35,'ut','Voluptatibus quaerat vitae officia mollitia enim voluptas doloremque. Voluptatem vel facere esse possimus. Est eum nihil praesentium voluptas quis. Doloribus accusamus sint corporis quis iusto animi itaque.',561,5,2,'2018-07-23 11:10:08','2018-07-23 11:10:08'),
	(36,'molestiae','Reprehenderit vel ratione rerum similique voluptatibus quis est. Laboriosam consequatur eius ut possimus nam. Et quia rerum eos aut velit sequi architecto. Eveniet ratione vero quibusdam rerum.',210,9,9,'2018-07-23 11:10:08','2018-07-23 11:10:08'),
	(37,'ducimus','Fuga excepturi doloremque nemo incidunt et. Sit veritatis ut maxime eveniet iusto veritatis et aut. Quidem dolores accusantium porro.',942,9,15,'2018-07-23 11:10:08','2018-07-23 11:10:08'),
	(38,'ratione','Et consequuntur modi voluptatem temporibus. Est quae eos atque qui dolorum laborum. Ducimus natus impedit laboriosam provident voluptatem. Rerum dolores quam aut odit.',543,6,12,'2018-07-23 11:10:08','2018-07-23 11:10:08'),
	(39,'aut','Eligendi voluptatem ut commodi eum. Dolorem ut fuga magnam qui perspiciatis aspernatur. Culpa temporibus aut quia natus ut ut qui. Aut dignissimos ea consectetur unde consequatur odit quam.',330,7,3,'2018-07-23 11:10:08','2018-07-23 11:10:08'),
	(40,'adipisci','Et voluptas laborum recusandae facilis ratione hic voluptas. Corrupti quo et temporibus recusandae delectus dolore.',348,7,3,'2018-07-23 11:10:08','2018-07-23 11:10:08'),
	(41,'perspiciatis','Harum repudiandae culpa voluptas. Iure aperiam asperiores ea molestiae ex expedita voluptatem. Cum laboriosam laborum sit voluptas laudantium quasi expedita. Qui quidem magnam asperiores omnis officia assumenda.',429,5,11,'2018-07-23 11:10:08','2018-07-23 11:10:08'),
	(42,'occaecati','Harum distinctio omnis adipisci error ab illo. Suscipit rem quia ut ut qui aliquid. Quisquam et ut et et delectus. Maxime laboriosam aliquam illo id non corrupti corrupti.',225,2,3,'2018-07-23 11:10:08','2018-07-23 11:10:08'),
	(43,'eius','A dolor sapiente et ut quidem. Earum porro reiciendis amet omnis ad rerum. Quae qui fugiat consequuntur dolorem nihil.',285,8,25,'2018-07-23 11:10:08','2018-07-23 11:10:08'),
	(44,'sed','Animi voluptas voluptatum sint assumenda quaerat praesentium accusantium. Voluptas quia ratione distinctio modi rem delectus. Atque veniam reiciendis rerum porro aspernatur aut magnam.',555,9,11,'2018-07-23 11:10:08','2018-07-23 11:10:08'),
	(45,'laborum','Enim aspernatur similique distinctio odio et ipsam quibusdam. Ipsum ad vel et perferendis. Est voluptatem et distinctio at eos.',705,5,4,'2018-07-23 11:10:08','2018-07-23 11:10:08'),
	(46,'natus','Repellat illo consequatur possimus dignissimos consequatur veniam. Ab dolorem repellat voluptas sint accusamus. Autem est sint est autem molestiae. Rerum vero beatae natus ut deserunt et atque. Qui similique aperiam rem est fugit nulla.',987,7,24,'2018-07-23 11:10:08','2018-07-23 11:10:08'),
	(47,'doloremque','Ex enim voluptas ullam ut rerum voluptatem. Earum inventore in sit laborum. Tempora eligendi et molestiae ratione voluptas. Rerum et necessitatibus possimus sapiente dolores asperiores vero.',580,9,25,'2018-07-23 11:10:08','2018-07-23 11:10:08'),
	(48,'mollitia','Id dolorem sed nemo blanditiis. Nemo aut beatae voluptas facere fugit voluptatum aut. Et eligendi aut et quos cum dolorem. Laboriosam et rerum aliquam sit.',523,6,14,'2018-07-23 11:10:08','2018-07-23 11:10:08'),
	(49,'eum','Adipisci ipsa cupiditate provident quo voluptates eum sint. Minus dolorem quia et. Rem quo minima blanditiis repellat.',783,6,12,'2018-07-23 11:10:08','2018-07-23 11:10:08'),
	(50,'officia','Voluptas voluptas voluptas quos nisi voluptatibus. Modi maiores quo aut nulla. Debitis dignissimos eligendi vel autem dicta. Inventore repellat doloremque consequatur placeat. Cum aliquam voluptas voluptatum consectetur sequi officiis.',444,1,6,'2018-07-23 11:10:08','2018-07-23 11:10:08');

/*!40000 ALTER TABLE `products` ENABLE KEYS */;
UNLOCK TABLES;


# Dump of table reviews
# ------------------------------------------------------------

DROP TABLE IF EXISTS `reviews`;

CREATE TABLE `reviews` (
  `id` int(10) unsigned NOT NULL AUTO_INCREMENT,
  `product_id` int(10) unsigned NOT NULL,
  `customer` varchar(191) COLLATE utf8mb4_unicode_ci NOT NULL,
  `review` text COLLATE utf8mb4_unicode_ci NOT NULL,
  `star` int(11) NOT NULL,
  `created_at` timestamp NULL DEFAULT NULL,
  `updated_at` timestamp NULL DEFAULT NULL,
  PRIMARY KEY (`id`),
  KEY `reviews_product_id_index` (`product_id`),
  CONSTRAINT `reviews_product_id_foreign` FOREIGN KEY (`product_id`) REFERENCES `products` (`id`) ON DELETE CASCADE
) ENGINE=InnoDB DEFAULT CHARSET=utf8mb4 COLLATE=utf8mb4_unicode_ci;

LOCK TABLES `reviews` WRITE;
/*!40000 ALTER TABLE `reviews` DISABLE KEYS */;

INSERT INTO `reviews` (`id`, `product_id`, `customer`, `review`, `star`, `created_at`, `updated_at`)
VALUES
	(1,35,'Yasmeen Stehr','Nisi iure temporibus molestiae architecto pariatur veniam. Odio corporis occaecati dolores eos perspiciatis. Molestiae at quia veniam corporis fugiat totam maxime excepturi. Assumenda ipsa tempora non perferendis praesentium. Et cupiditate et optio ut minima vel.',0,'2018-07-23 11:10:08','2018-07-23 11:10:08'),
	(2,12,'Prof. Millie Konopelski','Repellendus dolorem sunt at et explicabo impedit sint impedit. Inventore vitae nesciunt reiciendis magni omnis. Aut accusantium quam at quam iusto voluptatem pariatur. Possimus omnis quisquam sit cupiditate.',1,'2018-07-23 11:10:08','2018-07-23 11:10:08'),
	(3,7,'Dr. Solon Considine','Reprehenderit corporis quo eum fuga et voluptas. Qui sunt enim rem reprehenderit aut. Et corrupti laborum sunt quisquam ab dolor.',0,'2018-07-23 11:10:08','2018-07-23 11:10:08'),
	(4,11,'Cassidy Batz PhD','In culpa soluta ut error voluptas quisquam. Nisi quibusdam omnis maiores et. Facere animi molestiae dolores sequi adipisci rerum. Et et quibusdam voluptatum at sint.',3,'2018-07-23 11:10:08','2018-07-23 11:10:08'),
	(5,12,'Karianne Buckridge','Ducimus aut voluptatem delectus quas ipsa. Nesciunt et doloremque est labore consequatur quae. Atque et assumenda quia doloremque in enim. Quo qui rerum facilis temporibus adipisci omnis reiciendis sint.',5,'2018-07-23 11:10:08','2018-07-23 11:10:08'),
	(6,13,'Angel Lowe','Sint odio dolor animi architecto temporibus illum rerum. Molestiae quo magnam beatae laudantium aut et sed eius.',1,'2018-07-23 11:10:08','2018-07-23 11:10:08'),
	(7,40,'Xander Hilpert','In sapiente quas voluptate corrupti odit. Blanditiis sed doloremque quaerat quia. Fugiat dicta iusto minima quisquam itaque vel omnis. Dolore optio sapiente reprehenderit est qui molestias consequatur. Voluptate sint iste suscipit maiores dolorem.',5,'2018-07-23 11:10:08','2018-07-23 11:10:08'),
	(8,7,'Madalyn Koch','Soluta quam quam et facere aspernatur. Repellat fuga quia corrupti aut. Quia voluptatem autem quidem autem.',2,'2018-07-23 11:10:08','2018-07-23 11:10:08'),
	(9,45,'Sasha Schinner','Eum aut odit ut ex. Dolorem dolores ea optio iste ut. Ea odio hic sit hic.',0,'2018-07-23 11:10:08','2018-07-23 11:10:08'),
	(10,50,'Prof. Royal Abshire','Voluptatibus odit vel et repellendus repellendus. Aut voluptatem rem non rerum enim iusto.',1,'2018-07-23 11:10:08','2018-07-23 11:10:08'),
	(11,6,'Keon Beahan','Minima corporis reprehenderit et iste et eos recusandae. Eos quasi quam eius deleniti. Dolorem occaecati sequi adipisci quod eos accusamus.',1,'2018-07-23 11:10:08','2018-07-23 11:10:08'),
	(12,2,'Rodrigo Labadie','Quas et doloribus officiis ducimus. Dolores cumque aspernatur architecto dolorem repellendus. Earum quis dolorem beatae a est.',3,'2018-07-23 11:10:08','2018-07-23 11:10:08'),
	(13,22,'Webster Rogahn','Doloremque nesciunt atque nesciunt temporibus quam. Et recusandae deleniti eveniet in est nemo placeat. Corporis dolore sed provident quasi molestiae. Exercitationem asperiores sed omnis earum cupiditate maxime.',3,'2018-07-23 11:10:08','2018-07-23 11:10:08'),
	(14,49,'Hortense Bernier','Quo aut qui labore corrupti. Sapiente cupiditate occaecati enim voluptatem neque quo ex. Animi id ut libero nostrum quod qui. Minima quia nesciunt quisquam qui officia voluptatem ab. Accusantium exercitationem aut iusto non inventore voluptas.',4,'2018-07-23 11:10:08','2018-07-23 11:10:08'),
	(15,41,'Noemi Ondricka','Repellendus placeat eius dicta provident qui sed. Error blanditiis et quo autem quia earum vel. Amet assumenda quia magnam. Similique deserunt qui natus voluptatem sit odio fuga.',2,'2018-07-23 11:10:08','2018-07-23 11:10:08'),
	(16,29,'Prof. Donavon Ruecker','Id sit praesentium consequuntur enim molestiae. Magni quae debitis ipsum non iusto ipsa. Repellat est et sint necessitatibus reiciendis facilis. Ea veniam est odit et.',0,'2018-07-23 11:10:08','2018-07-23 11:10:08'),
	(17,39,'Trinity Schaden','Aliquam reiciendis ut deserunt et dolorem hic dolorem. Eum quia voluptatibus dolor laborum est. Delectus accusamus impedit omnis suscipit aspernatur et rerum deserunt. Exercitationem provident nulla dolorem consectetur aperiam.',4,'2018-07-23 11:10:08','2018-07-23 11:10:08'),
	(18,49,'Brenden Flatley','Perferendis hic impedit excepturi quam. Quaerat eius et est et. Occaecati rerum ipsam dolores vel autem temporibus nam. Sit deleniti non nemo hic.',3,'2018-07-23 11:10:08','2018-07-23 11:10:08'),
	(19,10,'Montana Christiansen','Accusamus saepe sed commodi doloremque. Dolorum consequatur officia ex ut. Commodi doloribus vel dicta cum quas dolorum. Perferendis quis ad sed eligendi.',0,'2018-07-23 11:10:08','2018-07-23 11:10:08'),
	(20,25,'Lisette Stanton II','Quia maiores ut cumque accusamus beatae necessitatibus aperiam. Et error qui labore. Sint cupiditate autem sit sint est. Velit voluptatibus quam illo optio provident deserunt.',5,'2018-07-23 11:10:08','2018-07-23 11:10:08'),
	(21,5,'Prof. Kari Sanford Jr.','Sint eos ut labore in doloremque dolores quasi. Quaerat laboriosam est dolores vitae deleniti eum. Recusandae consequatur et alias quibusdam praesentium sint commodi.',4,'2018-07-23 11:10:08','2018-07-23 11:10:08'),
	(22,33,'Dayana Brekke','Unde recusandae repudiandae itaque in. Nesciunt ea qui dignissimos hic atque et nemo expedita. Illo et eaque nemo aut.',4,'2018-07-23 11:10:08','2018-07-23 11:10:08'),
	(23,5,'Roosevelt Fritsch','Beatae alias pariatur hic velit sequi id adipisci distinctio. Voluptas est in quia asperiores nemo vel. Vel error sed adipisci suscipit repudiandae aut. Ipsum aliquid ipsam eligendi dolores.',2,'2018-07-23 11:10:08','2018-07-23 11:10:08'),
	(24,32,'Adam Rutherford','Distinctio voluptatem tenetur adipisci quibusdam corporis. Vel voluptatum ipsa nihil quam vel ab repellat. Amet dolorum perspiciatis voluptas tempore. Voluptas laboriosam sit quo consequatur.',4,'2018-07-23 11:10:08','2018-07-23 11:10:08'),
	(25,43,'Noemie Reilly','Deserunt nemo magnam eligendi velit. Sapiente dolorem rerum ut dolorem odit adipisci fugit.',1,'2018-07-23 11:10:08','2018-07-23 11:10:08'),
	(26,10,'Dannie Murray','Autem recusandae tempore quia facilis. Reprehenderit dolorem et sint eius enim magnam. Aut id sit quas aliquam temporibus soluta illo.',1,'2018-07-23 11:10:08','2018-07-23 11:10:08'),
	(27,33,'Maegan Bartoletti','Natus voluptatem quas vitae est deleniti distinctio. Vel dicta error velit non. Facilis nostrum debitis corporis inventore quibusdam nulla. Nostrum error culpa expedita aut.',5,'2018-07-23 11:10:08','2018-07-23 11:10:08'),
	(28,43,'Prof. Annabelle Hermiston','Iure esse numquam nihil. Quo excepturi et et laborum qui et hic minus. At dolorem accusamus est aperiam sapiente non corrupti. Praesentium qui omnis ducimus repellat.',5,'2018-07-23 11:10:08','2018-07-23 11:10:08'),
	(29,19,'Joyce Harvey','Autem dolores expedita deserunt est ut consequatur. Dolor et voluptatem praesentium itaque.',1,'2018-07-23 11:10:08','2018-07-23 11:10:08'),
	(30,12,'Mr. Luther Mitchell','Quisquam unde commodi rerum rem distinctio quia. Labore earum recusandae repellat commodi assumenda.',0,'2018-07-23 11:10:08','2018-07-23 11:10:08'),
	(31,48,'Dorothy Koelpin','Excepturi ut dolores non quibusdam occaecati. Rerum eum ut nobis quaerat et aut aut. Est qui voluptatum possimus animi quasi eum.',1,'2018-07-23 11:10:08','2018-07-23 11:10:08'),
	(32,16,'Tressie Homenick','Esse quia vitae nihil accusamus quod autem. Sit a perspiciatis alias culpa sapiente et omnis. Dolorum sunt eum deserunt sed odit. Dolores provident qui aliquam quam quos.',0,'2018-07-23 11:10:08','2018-07-23 11:10:08'),
	(33,15,'Prof. Clementine Emmerich','Qui hic culpa laborum velit incidunt ipsum sit aliquid. Placeat et cumque quia et. Ratione ratione qui nihil deleniti pariatur voluptatem.',4,'2018-07-23 11:10:08','2018-07-23 11:10:08'),
	(34,28,'Prof. Stella Brown I','Et eos est ab nobis velit repellendus reiciendis quam. Ex placeat ut adipisci ut quia. Qui est maxime ut labore. Repudiandae labore sunt illum eos et alias saepe.',4,'2018-07-23 11:10:08','2018-07-23 11:10:08'),
	(35,45,'Geoffrey Batz','Commodi quo enim omnis quasi ad perferendis aliquid. Asperiores facere et neque repellat totam. Itaque rerum perferendis ducimus dolorem. Rerum aut quia eum ut rerum. Nobis reiciendis mollitia aperiam.',2,'2018-07-23 11:10:08','2018-07-23 11:10:08'),
	(36,26,'Declan Kunze','Id ex assumenda veritatis sint. Nihil autem assumenda et saepe iure. Dolorum exercitationem maiores cupiditate voluptatem ea et.',4,'2018-07-23 11:10:08','2018-07-23 11:10:08'),
	(37,33,'Mrs. Corrine Morissette DVM','Aut minima est quo in. Praesentium sit laborum ipsum non voluptatem sunt beatae ullam. Autem reiciendis nihil eveniet quia. Quia hic aut molestiae delectus amet cum qui.',2,'2018-07-23 11:10:08','2018-07-23 11:10:08'),
	(38,50,'Dr. Selmer Ratke Sr.','Aperiam ut aut et. Voluptatem voluptatem aut velit id quod nemo. Aut consectetur esse atque qui. Nihil laborum quisquam impedit consequatur vitae amet architecto.',4,'2018-07-23 11:10:08','2018-07-23 11:10:08'),
	(39,12,'Mr. Sterling Roberts IV','Illum culpa eum quasi. Ipsa voluptatibus aliquam quia at est error corporis. Dolores animi ut ab velit possimus qui omnis. Culpa voluptas libero iure molestiae reprehenderit sit.',4,'2018-07-23 11:10:08','2018-07-23 11:10:08'),
	(40,39,'Prof. Cleora Runte Sr.','Ipsum excepturi consectetur ipsum perspiciatis corrupti corporis. Voluptatem qui et et reiciendis recusandae voluptate illo molestiae. Quia facere soluta autem qui quia vel. Ex molestiae est soluta quo iusto sed accusamus.',2,'2018-07-23 11:10:08','2018-07-23 11:10:08'),
	(41,19,'Theron Mayer','Eos et explicabo est sit aut. Enim aut officia quas architecto ipsam.',5,'2018-07-23 11:10:08','2018-07-23 11:10:08'),
	(42,11,'Chadrick Pfeffer','Enim asperiores dignissimos assumenda qui. Sed perspiciatis consequatur quae ea omnis. Excepturi cum est error sequi dignissimos corporis. Similique et est aliquam est ad. Voluptatem et mollitia et.',3,'2018-07-23 11:10:08','2018-07-23 11:10:08'),
	(43,8,'Dr. Jermey Cremin','Reiciendis provident fuga amet labore quia. Rerum eius quo dolores assumenda. Consequatur vero eius eum iusto culpa architecto et.',3,'2018-07-23 11:10:08','2018-07-23 11:10:08'),
	(44,39,'John Batz','Qui sed dolorum dolorem quia. Cumque occaecati est quas distinctio consectetur qui tempora.',3,'2018-07-23 11:10:08','2018-07-23 11:10:08'),
	(45,4,'Mrs. Pattie Quigley','Nobis ut iste nulla sed autem. Repellendus veritatis dolor accusamus aliquid totam sint nisi perferendis. Commodi et impedit tempora numquam facilis quae illo.',1,'2018-07-23 11:10:08','2018-07-23 11:10:08'),
	(46,37,'Lennie Krajcik','Maiores ducimus incidunt ut ratione. Nam iste rem non eos ea. Consequuntur ea pariatur magni aut harum.',5,'2018-07-23 11:10:08','2018-07-23 11:10:08'),
	(47,48,'Ms. Lurline Hudson','Ea nostrum velit officia illum quia quis distinctio. Repudiandae est sapiente omnis possimus illum rem. Reprehenderit error dolor error provident ut autem debitis.',4,'2018-07-23 11:10:08','2018-07-23 11:10:08'),
	(48,34,'Lysanne Kuphal','Dolorem deleniti quis molestiae. Veritatis officiis a dolores sit assumenda optio aut doloremque. Sed maiores qui ex dolorem. Doloremque quia molestiae maiores.',1,'2018-07-23 11:10:08','2018-07-23 11:10:08'),
	(49,45,'Lionel Crist','Quasi qui eius assumenda totam ut necessitatibus natus. Exercitationem in neque ea vel vitae. Velit veniam ea officia architecto aliquam cumque.',4,'2018-07-23 11:10:08','2018-07-23 11:10:08'),
	(50,9,'Zola Senger','Natus vitae temporibus velit non et. Laboriosam nobis labore a repellendus ut. Quia atque et ad.',1,'2018-07-23 11:10:08','2018-07-23 11:10:08'),
	(51,18,'Gordon Ernser','Necessitatibus magni qui libero consequatur. Voluptas omnis ea provident. Eos quis reprehenderit delectus pariatur doloribus aut animi. Quod assumenda est impedit qui enim perferendis est quam.',3,'2018-07-23 11:10:08','2018-07-23 11:10:08'),
	(52,14,'Prof. Sammy Murazik DDS','Amet consequatur veniam tempore quibusdam aliquam. Aspernatur ex magnam suscipit a qui suscipit qui. Repellendus voluptatum qui quasi aut architecto in et. Est nihil corrupti cumque.',5,'2018-07-23 11:10:08','2018-07-23 11:10:08'),
	(53,1,'Kirsten Dach','Voluptatem esse explicabo aut deleniti consequatur nulla. Sit voluptate modi eos minus est labore qui qui.',1,'2018-07-23 11:10:08','2018-07-23 11:10:08'),
	(54,17,'Vida Hessel','Aut veritatis dignissimos iste repellendus nemo magnam sint. Vitae velit cum eligendi. Sint et illum quos eos error nisi corrupti.',4,'2018-07-23 11:10:08','2018-07-23 11:10:08'),
	(55,39,'Trystan Skiles','Ullam harum commodi harum soluta cupiditate consequatur. Libero eveniet mollitia blanditiis eum maxime officia. Impedit quia velit non.',3,'2018-07-23 11:10:08','2018-07-23 11:10:08'),
	(56,47,'Dr. Blake Strosin DVM','Sunt sit ipsam est corrupti nobis dolor. Numquam vel tempore dolor aliquid atque voluptate. Quos et et vero id voluptates doloribus. Maxime enim eius cupiditate voluptas ipsa.',0,'2018-07-23 11:10:08','2018-07-23 11:10:08'),
	(57,41,'Prof. Ibrahim Trantow IV','Nihil sed est similique ratione officia repellat. Placeat consequatur aliquid est vel consequatur hic ipsum. Ea sint dolorem aliquam molestias et porro.',3,'2018-07-23 11:10:08','2018-07-23 11:10:08'),
	(58,43,'Emie Medhurst DDS','Hic nesciunt est maxime cumque dignissimos nulla quas. A sit eveniet consequatur in temporibus qui cupiditate. Voluptates magnam eius doloremque et. Quae facilis a ut quis consequuntur et.',1,'2018-07-23 11:10:08','2018-07-23 11:10:08'),
	(59,42,'Gaylord Grimes','Modi non corrupti in in maiores et sequi soluta. Delectus qui aut non officia autem neque et. Non nam excepturi commodi ipsa qui blanditiis.',2,'2018-07-23 11:10:08','2018-07-23 11:10:08'),
	(60,23,'Henri Mraz','Magnam mollitia officia unde non cupiditate sint distinctio. Et voluptatem maiores pariatur sit quas.',0,'2018-07-23 11:10:08','2018-07-23 11:10:08'),
	(61,47,'Don Macejkovic','Ut in quam eligendi. Aut omnis consequuntur necessitatibus quo. Aut vel debitis architecto nihil assumenda sit laboriosam. Aliquam hic dignissimos voluptatem autem.',4,'2018-07-23 11:10:08','2018-07-23 11:10:08'),
	(62,35,'Dr. Felton Mitchell V','Rerum suscipit saepe ullam eos consequuntur ad. Consequatur aut excepturi esse rem. Aspernatur earum ut occaecati ut repellendus qui.',2,'2018-07-23 11:10:08','2018-07-23 11:10:08'),
	(63,32,'Urban Gerlach','Nostrum animi voluptas autem sapiente. Vel excepturi vel et blanditiis dolorum similique consectetur. Sunt itaque dolores rerum exercitationem.',0,'2018-07-23 11:10:08','2018-07-23 11:10:08'),
	(64,42,'Nathaniel Kub','Nisi natus corrupti deserunt beatae excepturi tenetur. Et quo quibusdam doloremque nihil rerum. Id hic voluptatum ex ducimus facilis vel explicabo. Aut laboriosam dolorem alias dolorum nesciunt expedita.',5,'2018-07-23 11:10:08','2018-07-23 11:10:08'),
	(65,49,'Prof. Willard Quigley','Corrupti praesentium tempore nisi et dolor. Qui rem qui distinctio autem et voluptas eveniet. Fugiat provident ut corrupti et vel quae.',3,'2018-07-23 11:10:08','2018-07-23 11:10:08'),
	(66,16,'Dr. Saige Olson III','Maxime alias ea corporis impedit dolorem et. Ipsa ipsum qui ut temporibus. Tempora et officiis optio voluptatem dolore. Occaecati quas minus est sit qui. Voluptatum modi expedita est accusantium nobis ullam nobis neque.',1,'2018-07-23 11:10:08','2018-07-23 11:10:08'),
	(67,25,'Mr. Noe Kuvalis','Perspiciatis provident voluptas nihil et quia et eos. Et officiis quo dolores optio distinctio exercitationem.',1,'2018-07-23 11:10:08','2018-07-23 11:10:08'),
	(68,2,'Dortha Crist','Aut asperiores sit velit repudiandae omnis facilis earum. Enim sunt officiis quaerat est. Accusamus architecto aut recusandae.',4,'2018-07-23 11:10:08','2018-07-23 11:10:08'),
	(69,2,'Whitney O\'Kon','Magnam dolores qui nihil voluptas voluptas. Ab velit maxime id sed voluptatem voluptas repellat. Quo cumque perspiciatis necessitatibus. Dolorum possimus eaque repellat consequuntur omnis fuga officia nihil.',2,'2018-07-23 11:10:08','2018-07-23 11:10:08'),
	(70,36,'Ryleigh Thiel','Est ut totam aut porro cum rerum. Et commodi id rerum et sed. Qui facilis dignissimos iusto quia impedit quasi asperiores. Aut veritatis alias aperiam facere sequi.',4,'2018-07-23 11:10:08','2018-07-23 11:10:08'),
	(71,7,'Ms. Eldridge Marvin III','Dolorum et perferendis consequatur incidunt. Quos quasi veritatis repudiandae id nisi quae quam incidunt. Sit veniam deleniti blanditiis.',2,'2018-07-23 11:10:08','2018-07-23 11:10:08'),
	(72,32,'Lauryn Ritchie','Cupiditate eum qui accusamus aut facere praesentium. Asperiores autem enim cum. Dolor eveniet perferendis quaerat enim nihil.',0,'2018-07-23 11:10:08','2018-07-23 11:10:08'),
	(73,44,'Mr. Andre Denesik','In culpa reiciendis unde sit est. Ducimus qui sit non architecto esse debitis. Reiciendis sunt aut et quia sunt dolorum. Suscipit sed ducimus tempora et qui vitae suscipit sed.',3,'2018-07-23 11:10:08','2018-07-23 11:10:08'),
	(74,17,'Dane Collins V','Sint accusamus maxime possimus totam distinctio deleniti quod voluptatibus. Ipsum corrupti ratione voluptatem inventore consequatur autem voluptatibus explicabo. Necessitatibus amet animi autem et ab libero porro.',5,'2018-07-23 11:10:08','2018-07-23 11:10:08'),
	(75,28,'Otha Crist','Reiciendis debitis unde explicabo veritatis distinctio nam. Ipsum et eaque nulla magni. Dignissimos sint aut sed quos corporis cupiditate. Quos non alias explicabo.',3,'2018-07-23 11:10:08','2018-07-23 11:10:08'),
	(76,43,'Ms. Alisa Veum','Corporis voluptatum sunt doloremque et. Commodi quisquam neque dolor distinctio qui. Sed harum provident unde quia.',2,'2018-07-23 11:10:08','2018-07-23 11:10:08'),
	(77,1,'Angelo Wiegand','Voluptates consequatur vitae voluptas aspernatur numquam. Harum quia ratione minima sed. Est et non consectetur dolor.',0,'2018-07-23 11:10:08','2018-07-23 11:10:08'),
	(78,14,'Paolo Maggio','Minima atque est voluptatum vel error eius ab sint. Qui sequi et sunt sit voluptatibus incidunt fugit. Ea iusto tempora distinctio qui. Temporibus est et non sint at saepe non excepturi.',1,'2018-07-23 11:10:08','2018-07-23 11:10:08'),
	(79,21,'Trever Crooks Sr.','Vero voluptatibus eos dolores incidunt tempora enim ea. Commodi assumenda nihil sunt maxime aut. Placeat voluptas unde repellat recusandae dolores nemo. Dolores consequatur molestias error consectetur optio dolor. Eum et et est quam libero sint.',0,'2018-07-23 11:10:08','2018-07-23 11:10:08'),
	(80,47,'Carolyn Jast','Enim debitis voluptatem quidem blanditiis sit. Et placeat cupiditate quos. Id non ut facilis eius repellendus voluptatibus temporibus.',4,'2018-07-23 11:10:08','2018-07-23 11:10:08'),
	(81,39,'Mr. Keon Vandervort Sr.','Velit aliquam totam culpa dignissimos sint ut. Et rerum autem consectetur qui. Eligendi deleniti ut delectus omnis doloremque eius quo. Maiores minus distinctio ea et itaque.',1,'2018-07-23 11:10:08','2018-07-23 11:10:08'),
	(82,13,'Shaina Yundt PhD','Sunt animi quas odio beatae. Ut maxime ratione et accusantium voluptatum eos. Voluptas sed impedit et qui similique vel. Nesciunt commodi excepturi et odio eum.',0,'2018-07-23 11:10:08','2018-07-23 11:10:08'),
	(83,42,'Clifton Crona','Dolores ea impedit rerum et quis. Incidunt sit architecto inventore quos.',5,'2018-07-23 11:10:08','2018-07-23 11:10:08'),
	(84,1,'Fidel Anderson','Omnis eligendi consequuntur corporis repellat suscipit omnis ad. Laudantium blanditiis quis doloremque atque et. Et qui fugit reprehenderit dicta maxime consequatur.',1,'2018-07-23 11:10:08','2018-07-23 11:10:08'),
	(85,29,'Mr. Kolby Wyman','Deleniti optio inventore officia aliquid animi libero doloremque. Velit ea dolores modi vel. Ad qui nesciunt eligendi corrupti nihil.',2,'2018-07-23 11:10:08','2018-07-23 11:10:08'),
	(86,15,'Foster Witting','Id iste explicabo ab tempora mollitia. Temporibus molestiae ex totam mollitia veritatis ut. Voluptate tempora quam alias omnis.',1,'2018-07-23 11:10:08','2018-07-23 11:10:08'),
	(87,17,'Felicia Hilpert DVM','Qui delectus dolor qui laudantium voluptas voluptatibus similique. Voluptatem dolore sint itaque. Blanditiis consectetur quis qui voluptatem occaecati quos pariatur. Voluptatem sequi ut voluptas. Occaecati aut adipisci est expedita voluptatibus.',4,'2018-07-23 11:10:08','2018-07-23 11:10:08'),
	(88,15,'David Tromp','Rem adipisci magni magni eos laboriosam commodi nesciunt. Excepturi in eum et est excepturi. Consequatur ex aperiam et aut est porro magnam rerum. Quo distinctio ipsam sunt fugiat.',5,'2018-07-23 11:10:08','2018-07-23 11:10:08'),
	(89,19,'Sven Vandervort','Placeat esse ut placeat porro ullam adipisci. Voluptas autem et hic dignissimos voluptatem quasi amet. Sint laboriosam consequatur at adipisci. Aut at sequi possimus adipisci quas modi.',4,'2018-07-23 11:10:08','2018-07-23 11:10:08'),
	(90,13,'Prof. Diana Mitchell','Unde sequi harum eum neque error molestiae explicabo necessitatibus. Eveniet maxime soluta quae nemo quisquam. Autem iusto nulla quas sunt sit eveniet.',1,'2018-07-23 11:10:08','2018-07-23 11:10:08'),
	(91,47,'Ezekiel Steuber','Sunt et nam molestiae voluptatibus quae accusamus minus nostrum. Cupiditate et sit voluptates. Aspernatur ut cupiditate ut. Iste ut est ipsam velit consequatur dolorem.',5,'2018-07-23 11:10:08','2018-07-23 11:10:08'),
	(92,24,'Madonna Reichel Sr.','Vel molestias ab et consequatur maiores. Rerum optio delectus alias maiores dolores veritatis quaerat numquam. Aut sapiente velit qui sit. Dolorem quas molestias nisi eum neque quos. In iusto tempora quis in officia veritatis aut quasi.',1,'2018-07-23 11:10:08','2018-07-23 11:10:08'),
	(93,28,'Lamont Wolff','Aut magni amet id laudantium atque esse. Est distinctio fuga omnis facere. Soluta aliquid dolorem sequi omnis qui sed corporis. Qui ut eum doloribus maiores similique.',1,'2018-07-23 11:10:08','2018-07-23 11:10:08'),
	(94,16,'Dr. Sterling Bartoletti','Rerum sit quos quo saepe amet. Quia eius rerum rem delectus. Labore ipsam iste provident officia. Nobis architecto iusto occaecati voluptatum quisquam sed debitis.',4,'2018-07-23 11:10:08','2018-07-23 11:10:08'),
	(95,23,'Leonora Collier','Magnam error vitae expedita voluptates. Et veniam voluptate dolorum eos et. Sit autem adipisci consequatur atque ut rerum.',2,'2018-07-23 11:10:08','2018-07-23 11:10:08'),
	(96,12,'Selina Conn','Quae quaerat nesciunt iusto aut blanditiis. Dolores perspiciatis quasi dolores sit voluptatem. Enim est quia expedita officia molestias repellat voluptatem.',4,'2018-07-23 11:10:08','2018-07-23 11:10:08'),
	(97,11,'Mittie Halvorson','Qui sint molestiae perspiciatis sapiente consequatur debitis doloremque. Tenetur voluptas harum totam incidunt eum qui. Repellendus et quas quos reiciendis est repellat eos. Exercitationem velit aut vitae debitis.',3,'2018-07-23 11:10:08','2018-07-23 11:10:08'),
	(98,27,'Pearline Harris','Asperiores molestias perferendis placeat reprehenderit nulla. Omnis vel totam sed fuga ea non quo. Aut voluptatibus provident quidem nihil odit voluptas. Occaecati illum est omnis libero ipsam fugit. Ipsum odit placeat porro iste aut reprehenderit molestias.',4,'2018-07-23 11:10:08','2018-07-23 11:10:08'),
	(99,30,'Delores Rippin','Quis officia inventore omnis. Qui reiciendis minima aut sed sunt magni. Error molestiae dolorem iste qui quibusdam. Quam ducimus voluptatem consequatur et molestiae. Ut assumenda soluta aut repellat velit.',5,'2018-07-23 11:10:08','2018-07-23 11:10:08'),
	(100,32,'Beaulah Kub','Aliquid vero ab illo quia. Asperiores molestiae voluptates non consequuntur iusto ea voluptatem rerum. Dolorem commodi incidunt sunt. Voluptatem repellendus aperiam voluptas non sit.',1,'2018-07-23 11:10:08','2018-07-23 11:10:08'),
	(101,11,'Miss Lenna Treutel','Dolorum modi eius aut itaque doloremque vel. Aliquid ab voluptas id labore natus vel. Quo sit aliquid nostrum. Ex sint dolor velit consectetur non.',5,'2018-07-23 11:10:08','2018-07-23 11:10:08'),
	(102,16,'Sven Mohr','Ipsa quos et voluptatem libero doloremque molestiae et. Illum molestias ut quas temporibus. Blanditiis quia repudiandae dignissimos quas consequuntur non. Repellendus perferendis qui ad.',3,'2018-07-23 11:10:08','2018-07-23 11:10:08'),
	(103,17,'Viola Graham','Consectetur eveniet illo aut aperiam ipsum. Adipisci eos expedita laboriosam ea amet dolores non.',5,'2018-07-23 11:10:08','2018-07-23 11:10:08'),
	(104,8,'Ms. Jodie Kuhlman DVM','Quis quisquam enim modi. Ea sunt nostrum tempore facilis optio maiores ex placeat. At officia quis placeat quis ut rerum saepe.',5,'2018-07-23 11:10:08','2018-07-23 11:10:08'),
	(105,5,'Prof. Ada Beier Sr.','Exercitationem perferendis cumque libero. Dolorum ut sapiente iste totam vero voluptatum. Eum illo eos eveniet error. Et qui amet magni numquam fuga eum quibusdam.',2,'2018-07-23 11:10:08','2018-07-23 11:10:08'),
	(106,15,'Travis Aufderhar','Est quia perferendis eos sapiente quisquam quo consectetur. Voluptates eius qui exercitationem voluptas omnis eligendi beatae. Nostrum omnis esse amet nihil voluptas.',1,'2018-07-23 11:10:08','2018-07-23 11:10:08'),
	(107,13,'Prof. Jaunita Batz','Expedita eveniet tempore dignissimos error. Nihil optio occaecati non quasi. Quod voluptatum et et. Cum totam in voluptatum aliquam quia facere.',4,'2018-07-23 11:10:08','2018-07-23 11:10:08'),
	(108,31,'Francesca Hudson','Repellat explicabo ex eos. Eius sit officiis ad laboriosam nemo culpa ipsa. Unde sit assumenda blanditiis.',3,'2018-07-23 11:10:08','2018-07-23 11:10:08'),
	(109,23,'Ms. Brisa Considine','Vel hic reiciendis nemo molestiae aperiam animi. Nam aut facere facere quod quaerat. Explicabo delectus repellendus neque dicta voluptate labore. Consequuntur quo recusandae magni aspernatur enim.',1,'2018-07-23 11:10:08','2018-07-23 11:10:08'),
	(110,31,'Prof. Jamel Heathcote','Beatae provident illum delectus corrupti magnam. Praesentium quasi neque ad excepturi nobis nemo eaque. Eius laborum sequi esse labore est. Quisquam iure doloribus possimus. Ullam perferendis minus voluptas illo veniam.',4,'2018-07-23 11:10:08','2018-07-23 11:10:08'),
	(111,13,'Candido Morissette Sr.','Consequatur natus omnis neque et dolores facilis id. Excepturi voluptatem suscipit sapiente aspernatur beatae vel alias. Culpa suscipit voluptates corporis aliquid nihil eum quia.',1,'2018-07-23 11:10:08','2018-07-23 11:10:08'),
	(112,46,'Catherine Jerde PhD','Nostrum aut ut velit tenetur. Non ipsam quia totam impedit et ratione. Neque et in voluptatem. Et et asperiores amet aspernatur omnis non.',5,'2018-07-23 11:10:08','2018-07-23 11:10:08'),
	(113,37,'Cesar Ward','Nemo odit sint optio illo commodi in quia. Veritatis voluptatibus exercitationem aspernatur laudantium unde suscipit. Tenetur voluptas ut ad sequi omnis eligendi nobis. Ipsum voluptatibus et laudantium. Sint quia ut labore.',2,'2018-07-23 11:10:08','2018-07-23 11:10:08'),
	(114,38,'Hailey Connelly','Rem ut quia expedita et. Eos rerum consectetur dolores est. Voluptatem temporibus eligendi ex consequatur. Aut blanditiis aut et et est unde in voluptas.',2,'2018-07-23 11:10:08','2018-07-23 11:10:08'),
	(115,31,'Dr. Lela McDermott Jr.','Sit adipisci sequi dolor at nesciunt laborum aspernatur. Assumenda aperiam quasi qui excepturi. Adipisci omnis dolorem et a qui.',1,'2018-07-23 11:10:08','2018-07-23 11:10:08'),
	(116,21,'Alice Sanford MD','Et nihil adipisci necessitatibus quia repellat. Reprehenderit necessitatibus voluptatibus ut voluptas facilis voluptas. Voluptas sunt aut est est. Assumenda nesciunt rerum necessitatibus aut nihil cumque. In sed enim provident ut autem.',3,'2018-07-23 11:10:08','2018-07-23 11:10:08'),
	(117,33,'Brigitte Legros','Rerum magni quas voluptatem praesentium in eos magnam. Qui pariatur consequatur aut ea. Omnis id ad esse sapiente sit ex beatae.',4,'2018-07-23 11:10:08','2018-07-23 11:10:08'),
	(118,35,'Claud Wisoky','Beatae cupiditate tempora et delectus quis voluptatem deleniti. Tenetur dolore perspiciatis sequi.',2,'2018-07-23 11:10:08','2018-07-23 11:10:08'),
	(119,38,'Miss Velva Kulas','Qui saepe odit reiciendis nihil ut unde. Possimus similique alias voluptates accusantium tempore. Et inventore excepturi quaerat consequatur tenetur adipisci magnam.',3,'2018-07-23 11:10:08','2018-07-23 11:10:08'),
	(120,13,'Mr. Lionel Weissnat','A totam aliquid qui repudiandae repellat ad. Animi eos voluptas dolor. Aut eum occaecati ea et. Culpa qui unde rerum.',0,'2018-07-23 11:10:08','2018-07-23 11:10:08'),
	(121,42,'Camren McClure','Et aliquid culpa et quae ut. Harum eum voluptatem id et fugit error consequuntur.',3,'2018-07-23 11:10:08','2018-07-23 11:10:08'),
	(122,43,'Prof. Lura Mann MD','Debitis omnis dolor qui illum qui tempore nihil ex. Modi officia voluptatem molestiae exercitationem est. Nostrum est ipsa aut dicta odit et. Eveniet et error at deserunt velit maxime consectetur.',1,'2018-07-23 11:10:08','2018-07-23 11:10:08'),
	(123,47,'Prof. Wyatt Kovacek','Et eum aspernatur laborum laboriosam et quia. Earum ratione harum nesciunt cum. Qui qui qui eligendi enim dicta. Tenetur excepturi perspiciatis veniam sit. Nobis minima mollitia cum voluptatibus.',5,'2018-07-23 11:10:08','2018-07-23 11:10:08'),
	(124,10,'Lavonne Lind','Nulla adipisci dolorem aut dolor. Nisi dolor quia inventore beatae aut non similique. Quibusdam dicta architecto deserunt cum. Repellat eaque qui quaerat sunt.',5,'2018-07-23 11:10:08','2018-07-23 11:10:08'),
	(125,23,'Dr. Logan Weimann Sr.','Mollitia veritatis et quia iure laudantium quis qui. Molestiae sed voluptatem nam deserunt aspernatur quo iste qui. Quia maiores repellendus beatae quae et omnis eligendi.',0,'2018-07-23 11:10:08','2018-07-23 11:10:08'),
	(126,3,'Lisa Stamm I','Provident et illo aut corrupti dolores. Voluptatem neque incidunt quos ipsam.',5,'2018-07-23 11:10:08','2018-07-23 11:10:08'),
	(127,20,'Anastasia D\'Amore','Qui aperiam earum quo aut rerum optio. Cumque aliquid omnis maxime qui saepe eveniet. Et omnis et non placeat omnis voluptates et.',4,'2018-07-23 11:10:08','2018-07-23 11:10:08'),
	(128,10,'Ms. Elsie Doyle II','Qui esse atque magni porro quam soluta explicabo. Autem autem ex autem. Harum quas dolor sint nemo impedit est et.',5,'2018-07-23 11:10:08','2018-07-23 11:10:08'),
	(129,4,'Alice Bednar','Et modi quia doloremque nulla. Repellat ut et dolor assumenda fugiat iste. Unde velit rerum nihil distinctio sunt nihil. Explicabo facere iste velit sit voluptatibus sunt aut.',5,'2018-07-23 11:10:08','2018-07-23 11:10:08'),
	(130,11,'Soledad Bechtelar','Magni quisquam quo at dolores commodi saepe. Est perferendis rerum perspiciatis et vero. Qui ab qui molestiae.',0,'2018-07-23 11:10:08','2018-07-23 11:10:08'),
	(131,25,'Velma Mohr','Consequatur saepe ut sit voluptas dolor. Sit consectetur asperiores dolores. Voluptatem neque amet labore in quia.',4,'2018-07-23 11:10:08','2018-07-23 11:10:08'),
	(132,41,'Maeve Swaniawski','Libero aut quasi voluptatem rerum. Commodi dolor odit voluptatem qui odio. Eligendi cum rerum et provident. Itaque voluptatem labore facere voluptas.',5,'2018-07-23 11:10:08','2018-07-23 11:10:08'),
	(133,48,'Christian Hegmann','Eos enim voluptate sunt libero. Libero molestias beatae numquam alias. Vero voluptate aut distinctio non et ab. Enim vitae quia sed aperiam.',5,'2018-07-23 11:10:08','2018-07-23 11:10:08'),
	(134,42,'Joy Rowe','Quos cupiditate porro officia officia. Impedit ullam id tempore excepturi. Dolor ut consequatur temporibus laboriosam quia. Incidunt nihil cumque maiores voluptatum repudiandae ut.',1,'2018-07-23 11:10:08','2018-07-23 11:10:08'),
	(135,47,'Garry Moen','Consequatur sit voluptatum voluptas fuga ipsam. Beatae ut excepturi voluptatum dolorem. Dolore ipsum voluptatem quos neque blanditiis.',4,'2018-07-23 11:10:08','2018-07-23 11:10:08'),
	(136,45,'Dr. Eloisa Ritchie DDS','Cumque omnis illo eum iusto. Blanditiis laborum dolores sit.',4,'2018-07-23 11:10:08','2018-07-23 11:10:08'),
	(137,34,'Xzavier Cronin','Blanditiis error consequatur consequuntur autem ut. Impedit vel labore ex perspiciatis. Et voluptatem quia sit velit quia officia. Quia neque libero velit quia sed.',1,'2018-07-23 11:10:08','2018-07-23 11:10:08'),
	(138,18,'Jacey Thiel PhD','Quis nihil dolorem adipisci recusandae perspiciatis et. Perspiciatis est aut ipsa eveniet repellendus. In quaerat et rerum rerum id debitis eum ea.',0,'2018-07-23 11:10:08','2018-07-23 11:10:08'),
	(139,41,'Dr. Kristy Schimmel','Temporibus ut facere harum aut. Voluptatem dolores sint magnam nesciunt porro ut ratione accusamus. Voluptas rerum accusamus quia dolores quis.',4,'2018-07-23 11:10:08','2018-07-23 11:10:08'),
	(140,15,'Theron Corkery','Et numquam officia quos est vel. Vero est cumque autem distinctio quidem nihil neque.',3,'2018-07-23 11:10:08','2018-07-23 11:10:08'),
	(141,39,'Herman Tromp','Harum dolore nostrum eveniet omnis qui assumenda. Veniam ea nemo adipisci unde nostrum quas eum. Quia accusantium expedita totam minus qui impedit.',4,'2018-07-23 11:10:08','2018-07-23 11:10:08'),
	(142,2,'Maureen Herman','Quidem pariatur et cum sunt aliquam omnis rerum. Aut et blanditiis perspiciatis et quia. Aut nemo exercitationem magnam nisi repellendus ratione neque. Quasi eum omnis blanditiis quia rerum ut.',2,'2018-07-23 11:10:08','2018-07-23 11:10:08'),
	(143,4,'Broderick Purdy','Non nisi est consequatur aut. Et est eos illum veniam aperiam. Aut perferendis fuga cumque. Dolores nisi atque accusantium deserunt sit incidunt non.',4,'2018-07-23 11:10:08','2018-07-23 11:10:08'),
	(144,13,'Dr. Dan Runte','Aut sint optio sed libero. Ut est omnis et accusantium deserunt. Cupiditate fugit harum et cupiditate consectetur quaerat soluta.',4,'2018-07-23 11:10:08','2018-07-23 11:10:08'),
	(145,13,'Mrs. Myah Kirlin','Sed sit et aut quisquam et. Enim quia optio culpa. Autem aut dolores ex et nemo ut. Fuga esse voluptas voluptatem nihil commodi quia a.',3,'2018-07-23 11:10:08','2018-07-23 11:10:08'),
	(146,36,'Theo Cummings','Eius pariatur quia sit voluptatem fugit repudiandae consectetur voluptatibus. Sequi debitis est et velit sequi voluptas et. Modi qui fugit repudiandae ab velit culpa velit.',1,'2018-07-23 11:10:08','2018-07-23 11:10:08'),
	(147,19,'Dr. Tessie Muller','Voluptatibus eum ea recusandae. Aut ut vitae eos consequatur dolore aliquid tempora. Architecto dolorem adipisci minus.',2,'2018-07-23 11:10:08','2018-07-23 11:10:08'),
	(148,21,'Seamus Stroman','Fuga quis sint accusantium consequuntur sit. Ut possimus nesciunt molestiae odio beatae autem. Exercitationem et velit voluptatibus consequuntur.',0,'2018-07-23 11:10:08','2018-07-23 11:10:08'),
	(149,49,'Friedrich Mitchell V','Officiis dolorem enim facere rerum laudantium omnis. Eveniet animi accusamus voluptas. Ut quo quam et aperiam. Fugit fuga aperiam odit.',3,'2018-07-23 11:10:08','2018-07-23 11:10:08'),
	(150,39,'Deangelo Ankunding','Unde enim quod aspernatur. Aut expedita minus suscipit aperiam porro ipsam. Perspiciatis voluptas ea at quibusdam. Suscipit magni hic vitae.',2,'2018-07-23 11:10:08','2018-07-23 11:10:08'),
	(151,34,'Seth Medhurst','Beatae blanditiis autem est dolores error quam nemo. Minima minus dolore laborum culpa ipsam sunt est. Amet voluptatibus assumenda eius sunt. Dolore corporis veritatis et occaecati natus voluptatibus vero.',5,'2018-07-23 11:10:08','2018-07-23 11:10:08'),
	(152,26,'Armando Reilly','Nesciunt est harum et exercitationem. Et quia est laudantium vero doloremque. Architecto in voluptatem animi harum aut. Dolor vero quidem soluta fugiat.',0,'2018-07-23 11:10:08','2018-07-23 11:10:08'),
	(153,27,'Devyn Shields','Ullam et est et voluptatem. Quasi esse et autem autem magni. Dolorem repellendus est vero sint doloribus sunt ratione. Sequi similique assumenda quidem nihil.',0,'2018-07-23 11:10:08','2018-07-23 11:10:08'),
	(154,19,'Pierce Marquardt MD','Quisquam id aut quaerat ipsa consequatur qui eum. Sed cupiditate eum aut aperiam aut id ut.',1,'2018-07-23 11:10:08','2018-07-23 11:10:08'),
	(155,3,'Claire Jacobi','Error qui qui quisquam iusto qui. Non quibusdam omnis et et. Autem provident qui inventore dolor quas hic perspiciatis.',3,'2018-07-23 11:10:08','2018-07-23 11:10:08'),
	(156,35,'Freeda Von DDS','Et consequatur incidunt in est dolore voluptatem. Et dolor nobis nihil nobis.',0,'2018-07-23 11:10:08','2018-07-23 11:10:08'),
	(157,45,'Richmond Johnston','Minus rerum quo sit iste et animi. Numquam molestiae quisquam animi unde dolor. Nam officia cumque voluptatem eos.',4,'2018-07-23 11:10:08','2018-07-23 11:10:08'),
	(158,2,'Abel Nader','Id ea temporibus aut et aut soluta. Quidem repudiandae aut omnis sunt eos.',1,'2018-07-23 11:10:08','2018-07-23 11:10:08'),
	(159,16,'Mr. Wilson Greenfelder I','Minima enim odio ullam eligendi in architecto. Ut eum exercitationem et officiis quia eaque. Doloribus eum qui ullam veritatis quam.',4,'2018-07-23 11:10:08','2018-07-23 11:10:08'),
	(160,49,'Destany Schamberger','Rem eligendi dignissimos rerum explicabo fugiat debitis. Quae aspernatur consectetur autem voluptate.',0,'2018-07-23 11:10:08','2018-07-23 11:10:08'),
	(161,18,'Tom Turcotte','Eum enim vel et expedita impedit. Quibusdam at ratione commodi beatae illo deleniti mollitia. Totam magnam quia vel.',1,'2018-07-23 11:10:08','2018-07-23 11:10:08'),
	(162,25,'Connor Konopelski','Voluptatem ex ducimus ut fugiat ex et cumque molestias. Quibusdam consequatur aliquid accusantium et rerum. Rerum eos earum et officiis aut voluptas. Hic esse a nam blanditiis. Explicabo sit nostrum explicabo quibusdam occaecati ipsa ab.',0,'2018-07-23 11:10:08','2018-07-23 11:10:08'),
	(163,18,'Ethel Bogan Sr.','Aut voluptas ipsa natus cumque illo adipisci veritatis. Assumenda quae et rem molestiae quia necessitatibus voluptas. Fuga quasi excepturi natus. Nesciunt placeat autem vero et.',2,'2018-07-23 11:10:08','2018-07-23 11:10:08'),
	(164,46,'Elwin Swaniawski','Qui enim qui minima occaecati quis voluptas ea. Nihil dolores quisquam neque voluptatem corporis porro. Neque nam velit alias et qui porro.',5,'2018-07-23 11:10:08','2018-07-23 11:10:08'),
	(165,35,'Tyrell Botsford','Eius quasi vero rerum qui eos qui. Et tenetur a voluptatem optio molestiae consequuntur dicta ipsa. Omnis enim voluptate dolore unde aut vel.',5,'2018-07-23 11:10:08','2018-07-23 11:10:08'),
	(166,33,'Neha Rippin','Eos nam repellendus molestiae earum officia qui amet. Sit illo aperiam ad illum dolores quod sit et. Eos mollitia aperiam doloribus nisi velit est et. Voluptatem dolor perspiciatis ipsa.',5,'2018-07-23 11:10:08','2018-07-23 11:10:08'),
	(167,24,'Dario Harber','Numquam sit fugit quia omnis architecto quae. Ex est consequuntur fuga dolorum ad. Omnis voluptatem explicabo tempore labore assumenda velit. Nihil illum id consectetur quas est quae ut.',5,'2018-07-23 11:10:08','2018-07-23 11:10:08'),
	(168,40,'Prof. Gabe Konopelski','Consectetur eligendi maxime repudiandae accusantium. Aliquam optio qui possimus delectus provident non. Tenetur sunt consequatur dolorem velit quo ut modi. Molestiae consectetur dolor est voluptatem earum alias.',4,'2018-07-23 11:10:08','2018-07-23 11:10:08'),
	(169,36,'Paige Watsica','Iusto veniam quam modi suscipit saepe. Sed fugit placeat ut impedit. Dicta aut nulla omnis exercitationem et. Qui eveniet unde nemo at consequatur omnis.',2,'2018-07-23 11:10:08','2018-07-23 11:10:08'),
	(170,28,'Alejandra Kutch MD','Sunt nisi quae molestiae porro rem soluta optio. Dolor minus et at facilis nemo. Illo esse veniam provident sapiente. Rerum quod quidem voluptatem illum hic nisi et.',2,'2018-07-23 11:10:08','2018-07-23 11:10:08'),
	(171,6,'Kaela Daniel','Quaerat qui dolorum iure ea architecto sit. Itaque doloribus quo cupiditate laudantium quia. Voluptatem est aut voluptatem sapiente sunt.',5,'2018-07-23 11:10:08','2018-07-23 11:10:08'),
	(172,34,'Jake Bode','Rerum consectetur quo molestiae et quae voluptas. Numquam odit saepe non et. Ducimus iusto aut reprehenderit voluptatem commodi eum hic. Numquam labore incidunt neque laboriosam quod.',3,'2018-07-23 11:10:08','2018-07-23 11:10:08'),
	(173,47,'Margaretta Lesch','Distinctio impedit aliquam nobis architecto molestias. Id molestias porro molestiae exercitationem commodi quae corrupti sit. Porro debitis molestias soluta nam.',0,'2018-07-23 11:10:08','2018-07-23 11:10:08'),
	(174,12,'Aaron Armstrong DVM','Cupiditate a aut neque qui non. Placeat dolor aspernatur facilis sunt rerum. Sed nihil nulla ea. Dignissimos aut mollitia aut odit quae porro non esse.',0,'2018-07-23 11:10:08','2018-07-23 11:10:08'),
	(175,23,'Colin Altenwerth','Nihil quis in non aliquid voluptate veritatis magni. Ducimus et at praesentium nihil. Et in eaque alias.',3,'2018-07-23 11:10:08','2018-07-23 11:10:08'),
	(176,41,'Ramon Mertz IV','Autem dolore iusto aperiam ipsa omnis aut voluptas officia. Autem asperiores fuga illum porro sint et et. Voluptatem omnis sapiente quasi qui. Quibusdam unde doloribus debitis qui ex.',1,'2018-07-23 11:10:08','2018-07-23 11:10:08'),
	(177,22,'Zakary Mertz','Sed a eum explicabo vel sed magnam optio. Doloremque eligendi ea recusandae distinctio voluptas.',5,'2018-07-23 11:10:08','2018-07-23 11:10:08'),
	(178,46,'Darren Schulist','Autem aliquid id vitae iste quos qui. Voluptatem error distinctio et doloremque repudiandae doloremque. Perspiciatis ea nemo sunt labore dignissimos. Dolore modi iusto eligendi neque esse sapiente sed. Quo dolorem aut neque velit sint quo quia.',2,'2018-07-23 11:10:08','2018-07-23 11:10:08'),
	(179,12,'Prof. Jasmin Spencer V','Iure quasi aliquam quisquam quae illum eius. Repellat velit incidunt incidunt quo tenetur deserunt autem. Qui officia et amet laudantium sunt consequatur et non.',5,'2018-07-23 11:10:08','2018-07-23 11:10:08'),
	(180,6,'Aleen Sporer','Similique similique omnis aliquam sit molestiae. Consequatur sed aut at tempore voluptatem nam possimus aut. Provident voluptatem praesentium inventore voluptates est ullam consequatur. Sunt accusantium aut et et tempore et.',4,'2018-07-23 11:10:08','2018-07-23 11:10:08'),
	(181,9,'Earnest Gerhold','Quaerat quia reprehenderit rerum sed in dolor. Perferendis ab tenetur ut vero aliquid occaecati. Officiis voluptatem eius perspiciatis tenetur.',3,'2018-07-23 11:10:08','2018-07-23 11:10:08'),
	(182,24,'Bernie Reichel IV','Et non est magnam doloremque quas ut doloremque delectus. Magni veniam voluptatem ut explicabo.',5,'2018-07-23 11:10:08','2018-07-23 11:10:08'),
	(183,33,'Dr. Stephany Lemke','Cumque sint aut enim aliquam eligendi vel voluptatibus. Rerum veritatis minus delectus adipisci necessitatibus qui. Aut aut id est dolores ut eligendi harum. Iusto dolorem dolores eligendi qui repellat rerum enim.',5,'2018-07-23 11:10:08','2018-07-23 11:10:08'),
	(184,20,'Dianna Prohaska','Qui fugit possimus hic sit quo consectetur. Numquam maxime et quidem a. Qui aut rem quae cupiditate. Rerum dolorem atque magnam et necessitatibus doloremque nesciunt. Minima cum autem autem soluta necessitatibus similique in.',0,'2018-07-23 11:10:08','2018-07-23 11:10:08'),
	(185,30,'Elvie Hane','Molestias animi animi aut maxime quo placeat et numquam. Perferendis necessitatibus est beatae et molestias. Fugit necessitatibus quisquam dolorum ullam minus veritatis et et. Asperiores est repellendus qui omnis fugit aut fugit.',2,'2018-07-23 11:10:08','2018-07-23 11:10:08'),
	(186,46,'Friedrich Williamson','Numquam et cupiditate est vel eligendi et. Et odio dolor corporis laboriosam natus quia. Dolore ut nobis aperiam quia est inventore est. Odio nesciunt accusantium aliquam placeat at ut.',2,'2018-07-23 11:10:08','2018-07-23 11:10:08'),
	(187,17,'Marcelle Okuneva','Quisquam maxime earum et sunt. Fugiat sed et dignissimos voluptatum. Ut et sapiente eius dolore. Nihil omnis nisi culpa quia occaecati iusto est. Soluta sunt maxime perferendis at rerum neque quo.',1,'2018-07-23 11:10:08','2018-07-23 11:10:08'),
	(188,33,'Mrs. Gabrielle Dickens Jr.','Commodi nam ipsa eius qui quia. Et voluptatem veritatis commodi adipisci ipsa et. Provident incidunt et qui consequatur omnis. Vel excepturi velit quam molestias quam doloremque ducimus.',0,'2018-07-23 11:10:08','2018-07-23 11:10:08'),
	(189,39,'May Blanda','Ut eos saepe aut aut soluta placeat. Quia fuga omnis itaque esse provident amet. Qui voluptatibus id ex omnis ut consequatur dolorem enim.',2,'2018-07-23 11:10:08','2018-07-23 11:10:08'),
	(190,33,'Angus Beatty','Doloremque voluptatibus molestiae tenetur autem error omnis. Dolor amet ut nulla sequi.',0,'2018-07-23 11:10:08','2018-07-23 11:10:08'),
	(191,31,'Nigel Feil','Repellendus commodi doloremque quisquam consequuntur. Et aut impedit numquam a vero. Quidem dolorum eveniet quo.',0,'2018-07-23 11:10:08','2018-07-23 11:10:08'),
	(192,43,'Cordie Gulgowski Jr.','Impedit voluptates amet beatae aut. Dolor quibusdam quidem accusantium sed blanditiis non.',5,'2018-07-23 11:10:08','2018-07-23 11:10:08'),
	(193,43,'Edna Pouros','Minus quasi dolor dolorem dolorum consequatur excepturi. Eos laboriosam quasi natus. Vel eveniet itaque consequatur ratione at laboriosam. Vel omnis at beatae recusandae quo saepe ipsa.',4,'2018-07-23 11:10:08','2018-07-23 11:10:08'),
	(194,50,'Scot Pouros','Reprehenderit perferendis provident facere doloremque. Rerum voluptates quia et aliquam. Error odit dolores iusto totam nulla. Quos quisquam atque enim atque non.',3,'2018-07-23 11:10:08','2018-07-23 11:10:08'),
	(195,43,'Trever Kuhic','Ad quis et et rerum. Error tempore architecto eum qui. Natus ipsa deleniti accusantium rerum quia et tempore. Possimus et non quia veritatis unde et.',4,'2018-07-23 11:10:08','2018-07-23 11:10:08'),
	(196,29,'Greg Streich','Dolor dolorum impedit eum doloremque. Qui corrupti molestiae optio. Voluptatibus fuga sed qui delectus delectus aut est.',3,'2018-07-23 11:10:08','2018-07-23 11:10:08'),
	(197,35,'Martine Daniel','Quia occaecati porro commodi commodi ipsa. Beatae earum eos qui enim. Omnis est similique harum et.',5,'2018-07-23 11:10:08','2018-07-23 11:10:08'),
	(198,41,'Warren Terry IV','Labore quasi facilis et asperiores id ut omnis. Eaque porro unde similique explicabo ex dignissimos. Est at quia optio tenetur quis esse.',0,'2018-07-23 11:10:08','2018-07-23 11:10:08'),
	(199,8,'Emilie Satterfield','Ab non vitae quasi occaecati et officia. Dolor necessitatibus omnis iusto ipsam velit. Et nesciunt iste mollitia.',3,'2018-07-23 11:10:08','2018-07-23 11:10:08'),
	(200,1,'Jimmy Wolff','Dolore eveniet adipisci sapiente qui. Nihil velit numquam in quia eveniet. Doloribus hic sed saepe id incidunt tempore. Sapiente voluptatem optio incidunt eligendi nulla et.',0,'2018-07-23 11:10:08','2018-07-23 11:10:08'),
	(201,12,'Prof. Nayeli Rau DVM','Est eum aspernatur ut illo. Necessitatibus et quidem et debitis. Totam sunt at aut soluta laborum quae ut voluptate. Magnam reprehenderit ea maiores eos ut explicabo consequatur.',1,'2018-07-23 11:10:08','2018-07-23 11:10:08'),
	(202,21,'Neva Mante','Ratione rerum sunt aut qui repellendus. Voluptatem dignissimos incidunt blanditiis sed vitae sint. Harum quidem sunt sunt sit beatae cum.',3,'2018-07-23 11:10:08','2018-07-23 11:10:08'),
	(203,35,'Frances Roob','Totam est ullam ex sunt. Recusandae mollitia est ut sapiente. Qui qui consequatur debitis et sint.',1,'2018-07-23 11:10:08','2018-07-23 11:10:08'),
	(204,8,'Angela Heaney','Ea quia reiciendis iure vitae. Molestias quis neque pariatur necessitatibus repudiandae.',0,'2018-07-23 11:10:08','2018-07-23 11:10:08'),
	(205,12,'Mr. Roderick Fritsch','At voluptatem omnis optio recusandae eligendi quidem. Suscipit excepturi perspiciatis voluptate eveniet dolorem. Reiciendis nam enim non vel.',5,'2018-07-23 11:10:08','2018-07-23 11:10:08'),
	(206,37,'Mrs. Dortha Mills','Sint aliquid eius reiciendis fugiat assumenda. Odio esse excepturi sed. Reiciendis molestiae rerum odio.',5,'2018-07-23 11:10:08','2018-07-23 11:10:08'),
	(207,24,'Halie Oberbrunner','Commodi mollitia expedita corporis et qui perferendis facilis. Quidem et corporis et labore itaque. Beatae inventore necessitatibus pariatur facilis nam rerum omnis repellendus. Praesentium commodi architecto magnam cumque quo sed.',1,'2018-07-23 11:10:08','2018-07-23 11:10:08'),
	(208,34,'Mr. Michael Beatty','Placeat non ducimus ipsa iusto id voluptatem cupiditate. Similique corporis optio aut adipisci itaque. Qui molestias id mollitia. Quaerat sed non occaecati. Est ullam iusto commodi sint cum aspernatur.',1,'2018-07-23 11:10:08','2018-07-23 11:10:08'),
	(209,44,'Lenore Jenkins','Quo praesentium id eum eveniet voluptas natus optio. Ut sunt et earum facilis in. Laudantium molestiae beatae ex molestiae et facilis. Omnis labore in quis asperiores blanditiis non ipsa.',0,'2018-07-23 11:10:08','2018-07-23 11:10:08'),
	(210,38,'Elvera Walsh III','Ut nulla exercitationem adipisci sit qui molestiae. Dolores explicabo dolor aut. Autem ducimus voluptatem ratione cupiditate esse tempora. Impedit eaque impedit deserunt ducimus.',5,'2018-07-23 11:10:08','2018-07-23 11:10:08'),
	(211,26,'Dorris Toy','Neque facere quae molestiae culpa ea pariatur. Sunt repudiandae omnis vel ipsum quibusdam tempora. Repudiandae voluptas harum fugit quo voluptatem fugiat aliquid. Ut accusamus ad et aut.',3,'2018-07-23 11:10:09','2018-07-23 11:10:09'),
	(212,28,'Meaghan Swift DDS','Iste aut illum aperiam id quibusdam rerum aliquam. Sequi blanditiis quo illo ut. Illo est repudiandae unde amet voluptatem voluptates. Voluptate nihil dicta impedit et sint voluptates perferendis.',4,'2018-07-23 11:10:09','2018-07-23 11:10:09'),
	(213,18,'Hans Funk','Quam molestiae recusandae ea ea. Quia sint incidunt qui ratione et. Mollitia est repudiandae mollitia sit temporibus totam aut. Suscipit unde quia dolor molestiae.',5,'2018-07-23 11:10:09','2018-07-23 11:10:09'),
	(214,9,'Palma Welch','Ullam blanditiis omnis beatae perspiciatis eligendi qui modi modi. Sit in iusto harum eos fugiat. Ut ad tenetur nesciunt et sed.',1,'2018-07-23 11:10:09','2018-07-23 11:10:09'),
	(215,24,'Rosemarie Pfannerstill','Laudantium blanditiis maiores ducimus quidem. Aut aliquid itaque nisi ut. Est ex laboriosam consequuntur architecto eaque unde et. Illum reiciendis exercitationem hic provident.',0,'2018-07-23 11:10:09','2018-07-23 11:10:09'),
	(216,49,'Evan Schneider','Aut accusamus aliquam illum libero. Et eaque dignissimos non dolorum. Quos laborum est et et voluptate.',3,'2018-07-23 11:10:09','2018-07-23 11:10:09'),
	(217,7,'Leonora Lindgren','Voluptatem cumque non ducimus. Quaerat vero nulla ducimus et exercitationem cumque.',3,'2018-07-23 11:10:09','2018-07-23 11:10:09'),
	(218,49,'Shawn Parker Sr.','Facere quod sequi odit aspernatur nisi. Voluptatem et dolores est accusamus rerum dolorem fugiat. Magni deserunt autem aut sit magnam.',3,'2018-07-23 11:10:09','2018-07-23 11:10:09'),
	(219,4,'Orlo Hill','Et molestiae enim delectus excepturi. Voluptates ut aut reiciendis qui doloribus et nemo dolorem. Enim distinctio hic quia neque error.',1,'2018-07-23 11:10:09','2018-07-23 11:10:09'),
	(220,24,'Miles Gerlach DDS','Et nihil dolorum vitae ab adipisci quis. Fugiat quia nesciunt quae labore et ducimus. Officia eum omnis quod nemo doloribus consequatur qui.',3,'2018-07-23 11:10:09','2018-07-23 11:10:09'),
	(221,30,'Aisha Davis','Cumque in animi quia nihil. Porro labore architecto eius eum. Repudiandae eos voluptas possimus dignissimos. Itaque aut et reprehenderit dolores.',3,'2018-07-23 11:10:09','2018-07-23 11:10:09'),
	(222,47,'Magdalena Lockman','Nobis error dolores sint reprehenderit a rem sequi. Assumenda eos eos ut est vitae aliquid. Voluptatem et ducimus aut nesciunt necessitatibus assumenda. Reprehenderit excepturi asperiores commodi rerum.',1,'2018-07-23 11:10:09','2018-07-23 11:10:09'),
	(223,34,'Kylie Sanford','Consequatur dolor iste est officiis sint amet odit. Nihil accusantium iste beatae debitis. Velit iusto quidem ab commodi hic explicabo.',0,'2018-07-23 11:10:09','2018-07-23 11:10:09'),
	(224,42,'Tyrese Abbott','Non autem ut omnis itaque laboriosam ipsam aut. Qui laudantium ut fugiat rerum.',5,'2018-07-23 11:10:09','2018-07-23 11:10:09'),
	(225,13,'Tony Bartell Sr.','Deserunt beatae alias omnis animi optio in. Cum illum omnis pariatur ut soluta officiis et. Et quasi quam dolore rerum.',4,'2018-07-23 11:10:09','2018-07-23 11:10:09'),
	(226,50,'Keith Schoen PhD','Deleniti perspiciatis enim ipsum enim et doloremque nobis eos. Veritatis et qui id sit facere est. Dolores est modi reiciendis dignissimos non. Ut aliquid sint repellat.',4,'2018-07-23 11:10:09','2018-07-23 11:10:09'),
	(227,16,'Sister Funk','Quos ut magnam quisquam voluptates doloribus nihil. Provident molestiae exercitationem est odio aperiam. Eligendi nisi perspiciatis maxime tenetur ipsum in neque. Ipsa eius error praesentium omnis occaecati enim porro. Ullam voluptas atque vero optio sapiente cupiditate eos quia.',3,'2018-07-23 11:10:09','2018-07-23 11:10:09'),
	(228,35,'Elizabeth Bruen','Ad dignissimos laboriosam sunt est. Libero ut sit voluptatibus est a. Placeat ab reiciendis possimus atque totam.',0,'2018-07-23 11:10:09','2018-07-23 11:10:09'),
	(229,36,'Dr. Lolita Hodkiewicz I','Ex ut ex modi. Architecto quam laboriosam iusto iusto quo nemo deserunt repudiandae. Autem alias reiciendis aliquid mollitia occaecati.',4,'2018-07-23 11:10:09','2018-07-23 11:10:09'),
	(230,18,'Beth Nienow','Quo qui delectus quia non repellendus quia non. Consequuntur ducimus molestiae at et ad velit labore. Adipisci facere consectetur sint.',4,'2018-07-23 11:10:09','2018-07-23 11:10:09'),
	(231,7,'Golden Gleason','Molestias quasi quo laborum nostrum esse eos. Necessitatibus corporis mollitia ad. Ducimus non exercitationem eum quo sunt nulla voluptatem. Voluptates et numquam blanditiis maiores error. Omnis aliquid quo eos molestias itaque sed.',4,'2018-07-23 11:10:09','2018-07-23 11:10:09'),
	(232,18,'Mrs. Rubie Hoppe Sr.','Ex quidem ipsum dolorem repudiandae quasi qui corrupti. Facere tenetur necessitatibus cum dolorum. Ex molestiae corporis quia voluptatum voluptatem rerum ut.',0,'2018-07-23 11:10:09','2018-07-23 11:10:09'),
	(233,29,'Prof. Yolanda Purdy','Vel incidunt aspernatur perspiciatis. Rerum ea perspiciatis quo in. Consequatur atque iusto et alias enim et eius molestiae. Eaque non in quibusdam qui.',1,'2018-07-23 11:10:09','2018-07-23 11:10:09'),
	(234,41,'Myah Emard','Et dolores et dolore sequi. Nesciunt est hic saepe iusto sit maxime. Facilis natus ut rem minima quasi id.',0,'2018-07-23 11:10:09','2018-07-23 11:10:09'),
	(235,13,'Prof. Damien Watsica DVM','Ea officiis adipisci tempora facere enim itaque ut vitae. Quos aperiam fugiat sed sit veniam id. Nisi magnam expedita assumenda mollitia non.',3,'2018-07-23 11:10:09','2018-07-23 11:10:09'),
	(236,36,'Candelario Gorczany IV','Mollitia consequatur eos culpa ratione. Dolores ut fugiat saepe eveniet dolorum aut possimus. Molestiae nesciunt doloribus sit sit magni tempore enim.',1,'2018-07-23 11:10:09','2018-07-23 11:10:09'),
	(237,34,'Maeve Bednar','Error non quam qui sed voluptatem quia quia odit. Voluptate at aut praesentium suscipit. Enim voluptatum quis quae praesentium quia consequatur exercitationem. Hic consectetur minima earum non quibusdam sed deserunt.',3,'2018-07-23 11:10:09','2018-07-23 11:10:09'),
	(238,11,'Jennings Cummerata','Ex totam voluptates quod aliquam quis velit. Eos dignissimos libero enim sint explicabo placeat ipsa accusantium. Rem ipsam recusandae earum reprehenderit unde modi ipsam.',0,'2018-07-23 11:10:09','2018-07-23 11:10:09'),
	(239,32,'Skylar Pfannerstill PhD','Mollitia qui officiis dicta ipsa nostrum earum officia. Officiis harum alias recusandae at cumque dolore ad. Qui rerum voluptas accusantium qui fugit perspiciatis. Eveniet ut impedit rerum.',1,'2018-07-23 11:10:09','2018-07-23 11:10:09'),
	(240,25,'Michele Rodriguez V','Nihil vero id voluptatibus reprehenderit doloremque ea aut cumque. Nesciunt vel minima ea hic. Dolorem inventore vel qui nesciunt iste.',2,'2018-07-23 11:10:09','2018-07-23 11:10:09'),
	(241,9,'Margret Auer','Voluptatem non sapiente numquam sunt. Ut sequi explicabo facilis et.',2,'2018-07-23 11:10:09','2018-07-23 11:10:09'),
	(242,41,'Tressie Cormier','Quas excepturi iusto ad necessitatibus. Expedita magni similique et provident dolore quas fugiat. Ullam omnis consequatur eligendi. Adipisci eos asperiores officia inventore a eos.',4,'2018-07-23 11:10:09','2018-07-23 11:10:09'),
	(243,24,'Manuela Stracke','Facere voluptatem autem recusandae tenetur error. Magnam aut ea et. Numquam eos est et.',4,'2018-07-23 11:10:09','2018-07-23 11:10:09'),
	(244,47,'Ms. Arlie Durgan','Modi et optio provident vel in ut. Architecto labore officia incidunt omnis exercitationem saepe vitae ex. Et aut ut hic voluptatem. Minus laudantium omnis aut animi laboriosam.',3,'2018-07-23 11:10:09','2018-07-23 11:10:09'),
	(245,21,'Myrl Heathcote','Amet consectetur quod id in laboriosam ea vel molestiae. Aut ut delectus itaque vel dolor eligendi. Aliquid distinctio dolore saepe quia placeat eum enim.',4,'2018-07-23 11:10:09','2018-07-23 11:10:09'),
	(246,4,'Triston Wisoky V','Et est non nobis ratione et. Accusantium dignissimos corporis sint. Quis eveniet dolore omnis repudiandae voluptatum. Necessitatibus rerum ea voluptate quis deleniti unde quisquam.',4,'2018-07-23 11:10:09','2018-07-23 11:10:09'),
	(247,4,'Ms. Maddison Hahn','Sequi reiciendis voluptas sed commodi consequuntur. Sapiente excepturi at quod tempora. Et voluptas dolores sequi repellendus libero. Et aut aspernatur est.',0,'2018-07-23 11:10:09','2018-07-23 11:10:09'),
	(248,37,'Brooks Reinger','Saepe voluptates quae rerum. Nulla fugiat consectetur enim quisquam officiis exercitationem. Tenetur aspernatur earum eius ex modi. Autem et sed placeat enim laboriosam reiciendis vitae exercitationem.',1,'2018-07-23 11:10:09','2018-07-23 11:10:09'),
	(249,38,'Rahsaan Feeney','Omnis at et at. Perspiciatis et maiores qui. Adipisci voluptas voluptas et voluptas dolor ad. Est quaerat sed ratione a corrupti consectetur.',1,'2018-07-23 11:10:09','2018-07-23 11:10:09'),
	(250,22,'Mrs. Lilian Kautzer DVM','Ut quia hic est sed id deserunt. Quos molestiae neque reprehenderit beatae minus. Ut veritatis mollitia dignissimos non in autem quasi. Minus eos in id ut eveniet quisquam.',1,'2018-07-23 11:10:09','2018-07-23 11:10:09'),
	(251,3,'Herminia Kunze','Iusto voluptas repellat et voluptatem voluptates in repudiandae. Accusantium ducimus voluptatem voluptatum autem. Doloremque quos eum aut iusto quia. Sed et debitis atque et eaque ea.',4,'2018-07-23 11:10:09','2018-07-23 11:10:09'),
	(252,4,'Triston Hilpert','Autem quos nemo nobis dolores. Quia provident itaque et voluptatem sint adipisci autem assumenda. Cumque sed dolorem voluptatibus quia quae voluptas. Quam at ea totam saepe et voluptas officiis.',0,'2018-07-23 11:10:09','2018-07-23 11:10:09'),
	(253,33,'Kylee Swift','Neque in ad modi voluptate sint quod ea. Et dolor est aspernatur est dolor. Vitae explicabo labore eveniet enim fuga est deserunt quod. Ex esse asperiores voluptas repellendus aut natus omnis architecto.',0,'2018-07-23 11:10:09','2018-07-23 11:10:09'),
	(254,18,'Bryce Carroll','Incidunt eum distinctio ducimus mollitia amet incidunt aut quia. Non est eius molestias ducimus. Sit temporibus beatae deserunt omnis odio architecto impedit. Quibusdam rem et numquam quia deleniti.',2,'2018-07-23 11:10:09','2018-07-23 11:10:09'),
	(255,48,'Dr. Audie Kuvalis DDS','Quia numquam a modi non optio eaque eos. Sit assumenda sequi velit deserunt. Autem et ex sit et aut officiis est. Autem ducimus neque ut perspiciatis id impedit sint.',0,'2018-07-23 11:10:09','2018-07-23 11:10:09'),
	(256,45,'Dr. Jane Ferry','Natus qui dolorem et corporis iste doloribus. Odio non incidunt dolorem dolores quod. Eveniet ut et laudantium quae autem.',1,'2018-07-23 11:10:09','2018-07-23 11:10:09'),
	(257,39,'Mr. Fern Schaefer','Esse vel quas non tempore sint aliquid similique. Atque blanditiis sapiente voluptas corporis enim dignissimos consequatur.',1,'2018-07-23 11:10:09','2018-07-23 11:10:09'),
	(258,4,'Miss Bonita Hahn','Ratione similique quae nihil asperiores. Sunt omnis et at adipisci ut provident. Accusamus occaecati et ea molestias. Et voluptates molestiae veniam est.',1,'2018-07-23 11:10:09','2018-07-23 11:10:09'),
	(259,44,'Rahul Friesen','Suscipit illum maiores fugit natus eius. Quos officia tenetur hic voluptas illum ut dolor ab. At cupiditate voluptas tempore molestiae.',4,'2018-07-23 11:10:09','2018-07-23 11:10:09'),
	(260,43,'Carli Denesik','Molestias ipsum sit voluptatibus nostrum qui aut. Et quis voluptatem animi maxime quaerat ratione at sunt. Temporibus officia laudantium nisi in doloremque.',2,'2018-07-23 11:10:09','2018-07-23 11:10:09'),
	(261,48,'Ivah Williamson','Inventore fugiat cupiditate fuga harum in aperiam. Veniam atque ipsam et est velit esse. Quaerat ea est ex est. Quod nisi nihil quia qui excepturi laborum ullam aliquid. Et et pariatur at qui illum eos voluptatem non.',3,'2018-07-23 11:10:09','2018-07-23 11:10:09'),
	(262,24,'Nash Bradtke','Aut libero et beatae est consequatur voluptatum rerum. Beatae pariatur est consequatur. Consequuntur et voluptatem illum optio nihil ut dolorem.',5,'2018-07-23 11:10:09','2018-07-23 11:10:09'),
	(263,10,'Tito Watsica','Distinctio rerum fuga et sed incidunt. Cupiditate corporis quia est rerum tempora aliquid. Earum enim dignissimos unde.',3,'2018-07-23 11:10:09','2018-07-23 11:10:09'),
	(264,17,'Janick Schumm MD','Error qui sunt porro et alias. Aliquid officia voluptates ut et aliquam. Ab omnis tempora alias odit qui ea consequatur.',2,'2018-07-23 11:10:09','2018-07-23 11:10:09'),
	(265,39,'Citlalli Mayer','Doloremque eligendi odio est cum laudantium neque hic. At suscipit aliquid ab repellendus qui itaque. Culpa repellat quam officiis qui necessitatibus. Ex et nihil est et sunt eveniet magnam.',4,'2018-07-23 11:10:09','2018-07-23 11:10:09'),
	(266,46,'Jakayla Larkin','Culpa et ratione voluptas incidunt laudantium eum. Quia sed est est. Et modi et perspiciatis reiciendis qui voluptas. Et recusandae sit qui sed sit.',4,'2018-07-23 11:10:09','2018-07-23 11:10:09'),
	(267,10,'Ada Dickens DDS','Quo ratione nobis iste laboriosam dolore dolor. Voluptatibus consectetur sit libero et. Et ab dolorem accusamus odio atque exercitationem.',0,'2018-07-23 11:10:09','2018-07-23 11:10:09'),
	(268,21,'Prof. Velma Macejkovic MD','Placeat consequatur quaerat tenetur in. Non vel accusantium minima est aut quas doloremque. Sint asperiores ipsum quaerat explicabo.',3,'2018-07-23 11:10:09','2018-07-23 11:10:09'),
	(269,46,'Mina Batz','Consectetur non dignissimos vel aperiam vel et. Itaque consectetur esse aut commodi animi qui minus. Facilis ipsum illum eos eveniet eveniet dolorem dignissimos.',0,'2018-07-23 11:10:09','2018-07-23 11:10:09'),
	(270,5,'Florencio Schultz','Voluptas doloribus qui architecto recusandae aut odit nemo porro. Velit quis libero assumenda et qui. Ut culpa odit non esse.',1,'2018-07-23 11:10:09','2018-07-23 11:10:09'),
	(271,11,'Mr. Derrick Koch Jr.','Quis tenetur velit sapiente eos. Quo corrupti autem et. Minima sit autem nihil recusandae reiciendis.',5,'2018-07-23 11:10:09','2018-07-23 11:10:09'),
	(272,10,'Taya Waelchi','Ipsum animi minus saepe et. Dicta repudiandae accusamus autem alias. Dolorem quia voluptatibus unde tempore odit quo. Architecto ullam beatae qui quia rerum quis. Quidem non animi reprehenderit.',3,'2018-07-23 11:10:09','2018-07-23 11:10:09'),
	(273,20,'Betsy Rutherford','Quia aliquid vitae voluptate expedita odio pariatur maxime. Ut voluptatem tempore autem eius. Soluta aut dicta corrupti. Dolorum fugit et et ipsam ea magnam.',1,'2018-07-23 11:10:09','2018-07-23 11:10:09'),
	(274,34,'Angelina Rogahn I','Voluptatem dolor esse repudiandae quaerat iste dolore quo. Expedita tempore aliquam quas dolor omnis sint doloribus. Totam doloremque illum ex illum mollitia facilis. Similique reprehenderit debitis laboriosam doloribus.',5,'2018-07-23 11:10:09','2018-07-23 11:10:09'),
	(275,14,'Emmie Lind','Magnam tempore ut nisi et enim alias ad quo. Qui deserunt voluptas et. Quidem ut sunt consequatur repellendus. In harum labore officia voluptatem vero.',0,'2018-07-23 11:10:09','2018-07-23 11:10:09'),
	(276,24,'Gideon King','Vel excepturi ullam rerum voluptatem. Et neque vel impedit quis. Qui nobis rem distinctio. Inventore dignissimos soluta voluptas quae quae.',1,'2018-07-23 11:10:09','2018-07-23 11:10:09'),
	(277,34,'Loyal Ward','Ut doloremque aperiam quidem iste ad vel quia libero. Pariatur et necessitatibus provident et necessitatibus quas facilis. Expedita rerum expedita necessitatibus assumenda doloremque. Sit modi suscipit occaecati fugiat id.',5,'2018-07-23 11:10:09','2018-07-23 11:10:09'),
	(278,30,'Prof. Geo Lueilwitz','Corporis vero sed nesciunt soluta ea odio quis dolorem. Ex ut tempore ut voluptas rerum in. Omnis vero doloribus qui velit ut consequuntur a.',2,'2018-07-23 11:10:09','2018-07-23 11:10:09'),
	(279,42,'Dr. Ruby Aufderhar PhD','Consequatur eius rerum assumenda aut quasi nostrum esse. Voluptatem aut delectus non tempora itaque non. Vel itaque similique cum labore tenetur non nemo. Et voluptate tempore atque eos. Asperiores eligendi dolores sed quisquam enim fugiat alias.',2,'2018-07-23 11:10:09','2018-07-23 11:10:09'),
	(280,20,'Felton Hintz','Omnis aut quae aut id. Qui nihil praesentium ducimus culpa cupiditate eligendi velit nulla. Similique veritatis mollitia at blanditiis qui. Quisquam consequatur qui quia nobis tempora consequuntur facilis.',2,'2018-07-23 11:10:09','2018-07-23 11:10:09'),
	(281,33,'Teresa Bernhard','Suscipit natus neque suscipit. Consequatur voluptatem veniam quae repellendus sunt. Et aliquam aliquam ut et adipisci.',2,'2018-07-23 11:10:09','2018-07-23 11:10:09'),
	(282,21,'Kayla Dare I','Esse fugit dolorem porro cupiditate id quod. Laboriosam quia tempora pariatur culpa quis minima eveniet. Quo quis voluptatum eligendi odio assumenda praesentium.',3,'2018-07-23 11:10:09','2018-07-23 11:10:09'),
	(283,30,'Alvena Ernser','Nobis neque et harum aperiam vel. Nobis modi consequuntur qui nemo quae tenetur. Quidem reiciendis perferendis animi aspernatur. Quis delectus qui ipsa sit a blanditiis.',3,'2018-07-23 11:10:09','2018-07-23 11:10:09'),
	(284,10,'Mr. Troy Zemlak','Ea porro accusantium ad soluta odit. Et aperiam explicabo explicabo distinctio ducimus distinctio est. Et consequuntur fugiat tempore cumque praesentium suscipit.',1,'2018-07-23 11:10:09','2018-07-23 11:10:09'),
	(285,8,'Tabitha Hoppe','Nulla odit facere fuga provident deserunt laborum. Voluptatum iste sit voluptatem odio facilis neque nobis. Voluptatem veniam rerum eligendi delectus. Beatae temporibus tenetur illo eum odio iure amet. Atque error voluptas reiciendis.',4,'2018-07-23 11:10:09','2018-07-23 11:10:09'),
	(286,10,'Giovanny Abbott','Ab deserunt nobis dolor dolores veritatis cum. Sit sed et autem. Id et qui saepe libero dolor consequuntur ducimus unde. Ad illum id et non qui necessitatibus.',3,'2018-07-23 11:10:09','2018-07-23 11:10:09'),
	(287,7,'Jermaine Trantow','Quas pariatur omnis quis omnis quia. Rerum repellendus dolor porro excepturi cum quos perferendis. Eveniet eaque voluptas impedit ut nihil soluta dicta officia. Eos sunt et a illum.',4,'2018-07-23 11:10:09','2018-07-23 11:10:09'),
	(288,24,'Davonte Morar','Sed libero similique quibusdam non. Officiis alias velit est qui necessitatibus est assumenda. Quaerat beatae provident eius tenetur ut.',2,'2018-07-23 11:10:09','2018-07-23 11:10:09'),
	(289,22,'Damaris Rice IV','Et a sint eum nobis suscipit quo ut. Fugiat quis quas dolore labore hic id consequuntur nisi. Eaque amet ut dolor voluptas est quis. In omnis laborum ipsum explicabo.',2,'2018-07-23 11:10:09','2018-07-23 11:10:09'),
	(290,41,'Mrs. Liza Koss Sr.','Consequatur nam omnis amet quasi sunt aliquam quasi. Sed quisquam sed ullam in porro. Doloremque est minima culpa error quibusdam quia. Qui et est soluta optio.',0,'2018-07-23 11:10:09','2018-07-23 11:10:09'),
	(291,46,'Nedra Bergstrom','Illum error in iusto libero eius earum. Rerum non unde veritatis. Sequi consequatur et fugiat eos.',5,'2018-07-23 11:10:09','2018-07-23 11:10:09'),
	(292,24,'Mrs. Ima Aufderhar','Est voluptas velit corporis temporibus libero voluptas. Explicabo id velit quae ducimus qui repellendus. Hic natus maiores omnis repudiandae.',2,'2018-07-23 11:10:09','2018-07-23 11:10:09'),
	(293,33,'Dr. Kaitlin Olson Jr.','Natus tenetur autem eum ex mollitia ad sint. Ipsa maxime tempore aut. Amet ut aperiam voluptatibus delectus esse. Deserunt facere voluptates facilis fuga quia accusamus eos temporibus.',5,'2018-07-23 11:10:09','2018-07-23 11:10:09'),
	(294,45,'Florian Torp MD','Velit rerum voluptate dolores eligendi nesciunt. Explicabo nihil doloribus perspiciatis qui qui iure modi. Rerum facilis consequuntur soluta quidem officiis sunt. Debitis atque blanditiis corrupti magni est dolor occaecati esse.',4,'2018-07-23 11:10:09','2018-07-23 11:10:09'),
	(295,14,'Abe Jacobs','Voluptatum pariatur numquam cumque similique occaecati. Modi ut ex aliquid possimus.',0,'2018-07-23 11:10:09','2018-07-23 11:10:09'),
	(296,26,'Hortense Conn','Aut in voluptatem impedit. Ut ipsam consequatur voluptatum. Molestiae accusamus hic saepe libero quis.',1,'2018-07-23 11:10:09','2018-07-23 11:10:09'),
	(297,40,'Sunny Becker','Quia et quae distinctio eaque excepturi amet ut. Culpa sed odio consequatur amet in aut. Voluptate error eum neque atque sint. Est et deserunt reprehenderit sapiente at iste.',2,'2018-07-23 11:10:09','2018-07-23 11:10:09'),
	(298,19,'Mrs. Mariane Champlin','Sit ducimus quo voluptatem enim. Vel incidunt voluptate voluptatem soluta aspernatur animi delectus quos. Sint enim pariatur voluptatibus minima pariatur necessitatibus est. Nihil sed officia natus voluptas quidem vel qui.',2,'2018-07-23 11:10:09','2018-07-23 11:10:09'),
	(299,48,'Ryann Toy','Ratione impedit temporibus iusto odit impedit aut sit. Eligendi commodi quis ut quis tempore sed eos. Vero iure tempora est.',1,'2018-07-23 11:10:09','2018-07-23 11:10:09'),
	(300,24,'Prof. Jannie Douglas III','Quia ratione voluptatem nostrum id ab eos inventore. Consequatur sapiente quis repellendus perferendis incidunt. Veniam impedit debitis similique illo. Debitis maxime et laboriosam cumque porro a quia.',0,'2018-07-23 11:10:09','2018-07-23 11:10:09');

/*!40000 ALTER TABLE `reviews` ENABLE KEYS */;
UNLOCK TABLES;


# Dump of table users
# ------------------------------------------------------------

DROP TABLE IF EXISTS `users`;

CREATE TABLE `users` (
  `id` int(10) unsigned NOT NULL AUTO_INCREMENT,
  `name` varchar(191) COLLATE utf8mb4_unicode_ci NOT NULL,
  `email` varchar(191) COLLATE utf8mb4_unicode_ci NOT NULL,
  `password` varchar(191) COLLATE utf8mb4_unicode_ci NOT NULL,
  `remember_token` varchar(100) COLLATE utf8mb4_unicode_ci DEFAULT NULL,
  `created_at` timestamp NULL DEFAULT NULL,
  `updated_at` timestamp NULL DEFAULT NULL,
  PRIMARY KEY (`id`),
  UNIQUE KEY `users_email_unique` (`email`)
) ENGINE=InnoDB DEFAULT CHARSET=utf8mb4 COLLATE=utf8mb4_unicode_ci;

LOCK TABLES `users` WRITE;
/*!40000 ALTER TABLE `users` DISABLE KEYS */;

INSERT INTO `users` (`id`, `name`, `email`, `password`, `remember_token`, `created_at`, `updated_at`)
VALUES
	(1,'Jaren Stark I','cwehner@example.net','$2y$10$TKh8H1.PfQx37YgCzwiKb.KjNyWgaHb9cbcoQgdIVFlYg7B77UdFm','iXveFaErZU','2018-07-23 10:55:20','2018-07-23 10:55:20'),
	(2,'Prof. Abel Bernier II','dnienow@example.net','$2y$10$TKh8H1.PfQx37YgCzwiKb.KjNyWgaHb9cbcoQgdIVFlYg7B77UdFm','IG7Bo2VxaL','2018-07-23 10:55:20','2018-07-23 10:55:20'),
	(3,'Leonora Rice IV','jules43@example.com','$2y$10$TKh8H1.PfQx37YgCzwiKb.KjNyWgaHb9cbcoQgdIVFlYg7B77UdFm','jF4FwDapk6','2018-07-23 10:55:20','2018-07-23 10:55:20'),
	(4,'Sydnee Dietrich','feest.casimer@example.net','$2y$10$TKh8H1.PfQx37YgCzwiKb.KjNyWgaHb9cbcoQgdIVFlYg7B77UdFm','bczNcC0Gza','2018-07-23 10:55:20','2018-07-23 10:55:20'),
	(5,'Kaylie Weber','oberbrunner.ted@example.org','$2y$10$TKh8H1.PfQx37YgCzwiKb.KjNyWgaHb9cbcoQgdIVFlYg7B77UdFm','Lc68Cx0xIm','2018-07-23 10:55:20','2018-07-23 10:55:20'),
	(6,'Jovani Lesch','talon.von@example.org','$2y$10$TKh8H1.PfQx37YgCzwiKb.KjNyWgaHb9cbcoQgdIVFlYg7B77UdFm','n6YWPU7uxz','2018-07-23 11:00:04','2018-07-23 11:00:04'),
	(7,'Lamar Kris','dayna.schulist@example.net','$2y$10$TKh8H1.PfQx37YgCzwiKb.KjNyWgaHb9cbcoQgdIVFlYg7B77UdFm','zolQRwVI6R','2018-07-23 11:00:04','2018-07-23 11:00:04'),
	(8,'Ms. Jadyn Von','kobe14@example.com','$2y$10$TKh8H1.PfQx37YgCzwiKb.KjNyWgaHb9cbcoQgdIVFlYg7B77UdFm','Yc9BncdbAl','2018-07-23 11:00:04','2018-07-23 11:00:04'),
	(9,'Prof. Dusty Lindgren Jr.','everett.huel@example.org','$2y$10$TKh8H1.PfQx37YgCzwiKb.KjNyWgaHb9cbcoQgdIVFlYg7B77UdFm','sMfGizuCas','2018-07-23 11:00:04','2018-07-23 11:00:04'),
	(10,'Marge Rohan','cormier.cornell@example.org','$2y$10$TKh8H1.PfQx37YgCzwiKb.KjNyWgaHb9cbcoQgdIVFlYg7B77UdFm','zSQaXUUJM9','2018-07-23 11:00:04','2018-07-23 11:00:04'),
	(11,'Ms. Stephanie Farrell PhD','norene.klocko@example.org','$2y$10$TKh8H1.PfQx37YgCzwiKb.KjNyWgaHb9cbcoQgdIVFlYg7B77UdFm','YQisyKSxYz','2018-07-23 11:10:08','2018-07-23 11:10:08'),
	(12,'Prof. Frederik Bode V','kilback.armando@example.com','$2y$10$TKh8H1.PfQx37YgCzwiKb.KjNyWgaHb9cbcoQgdIVFlYg7B77UdFm','qGJetnmH79','2018-07-23 11:10:08','2018-07-23 11:10:08'),
	(13,'Bartholome Murphy','mfisher@example.com','$2y$10$TKh8H1.PfQx37YgCzwiKb.KjNyWgaHb9cbcoQgdIVFlYg7B77UdFm','HGMvGHUro7','2018-07-23 11:10:08','2018-07-23 11:10:08'),
	(14,'Dejuan Block','deondre.ankunding@example.org','$2y$10$TKh8H1.PfQx37YgCzwiKb.KjNyWgaHb9cbcoQgdIVFlYg7B77UdFm','Pi79hzbbsG','2018-07-23 11:10:08','2018-07-23 11:10:08'),
	(15,'Daisha Ritchie','rubye25@example.net','$2y$10$TKh8H1.PfQx37YgCzwiKb.KjNyWgaHb9cbcoQgdIVFlYg7B77UdFm','hHtmMC8qOQ','2018-07-23 11:10:08','2018-07-23 11:10:08');

/*!40000 ALTER TABLE `users` ENABLE KEYS */;
UNLOCK TABLES;



/*!40111 SET SQL_NOTES=@OLD_SQL_NOTES */;
/*!40101 SET SQL_MODE=@OLD_SQL_MODE */;
/*!40014 SET FOREIGN_KEY_CHECKS=@OLD_FOREIGN_KEY_CHECKS */;
/*!40101 SET CHARACTER_SET_CLIENT=@OLD_CHARACTER_SET_CLIENT */;
/*!40101 SET CHARACTER_SET_RESULTS=@OLD_CHARACTER_SET_RESULTS */;
/*!40101 SET COLLATION_CONNECTION=@OLD_COLLATION_CONNECTION */;
